,ID,CarNo,Driver,Maker,Lap,Position,Sec 1,Sec 2,Sec 3,Sec 4,Speed,LapTime (min),LapTime,Elapsed Time,Tire,Pit,Pit In No,Track Condition,Weather,Flag,Remaining Time,Sampling Time,Ambient Time,Ambient Temp,Ambient K Type,Ambient Track,Ambient Humidity,Ambient Pressure,Weather Time,Weather Temp,Weather Humidity,Weather WindSpeed,Weather WindDirection,Weather Air Pressure
0,15_1,15,# 15 IWA,HONDA,0,7,,,,,,,,,,Pit,,Dry     ,Fine,green_off,,08:50:46.510,,,,,,,,,,,,
1,20_1,20,# 20 TAK,TOYOTA,0,8,,,,,,,,,,Pit,,Dry     ,Fine,green_off,,08:50:46.646,,,,,,,,,,,,
2,28_1,28,# 28 KOT,TOYOTA,0,9,,,,,,,,,,Pit,,Dry     ,Fine,green_off,,08:50:46.743,,,,,,,,,,,,
3,38_1,38,# 38 SAK,TOYOTA,0,10,,,,,,,,,,Pit,,Dry     ,Fine,green_off,,08:50:46.857,,,,,,,,,,,,
4,64_1,64,# 64 REN,HONDA,0,11,,,,,,,,,,Pit,,Dry     ,Fine,green_off,,08:50:46.997,,,,,,,,,,,,
5,37_1,37,# 37 FEN,TOYOTA,0,1,,,,,,,,,,Pit,,Dry     ,Fine,green_off,,08:50:50.207,,,,,,,,,,,,
6,3_1,3,#  3 KEN,TOYOTA,0,2,,,,,,,,,,Pit,,Dry     ,Fine,green_off,,08:50:50.315,,,,,,,,,,,,
7,5_1,5,#  5 MAK,HONDA,0,3,,,,,,,,,,Pit,,Dry     ,Fine,green_off,,08:50:50.420,,,,,,,,,,,,
8,7_1,7,#  7 KOB,TOYOTA,0,4,,,,,,,,,,Pit,,Dry     ,Fine,green_off,,08:50:50.528,,,,,,,,,,,,
9,12_1,12,# 12 ATS,HONDA,0,5,,,,,,,,,,Pit,,Dry     ,Fine,green_off,,08:50:50.648,,,,,,,,,,,,
10,14_1,14,# 14 OSH,TOYOTA,0,6,,,,,,,,,,Pit,,Dry     ,Fine,green_off,,08:50:50.728,,,,,,,,,,,,
11,15_1,15,# 15 IWA,HONDA,0,7,,,,,,,,,,Pit,,Dry     ,Fine,green_off,,08:50:50.802,,,,,,,,,,,,
12,20_1,20,# 20 TAK,TOYOTA,0,8,,,,,,,,,,Pit,,Dry     ,Fine,green_off,,08:50:50.906,,,,,,,,,,,,
13,28_1,28,# 28 KOT,TOYOTA,0,9,,,,,,,,,,Pit,,Dry     ,Fine,green_off,,08:50:50.981,,,,,,,,,,,,
14,38_1,38,# 38 SAK,TOYOTA,0,10,,,,,,,,,,Pit,,Dry     ,Fine,green_off,,08:50:51.074,,,,,,,,,,,,
15,64_1,64,# 64 REN,HONDA,0,11,,,,,,,,,,Pit,,Dry     ,Fine,green_off,,08:50:51.191,,,,,,,,,,,,
16,37_1,37,# 37 FEN,TOYOTA,0,1,,,,,,,,,,Pit,,Dry     ,Fine,green_off,,08:50:55.203,,,,,,,,,,,,
17,3_1,3,#  3 KEN,TOYOTA,0,2,,,,,,,,,,Pit,,Dry     ,Fine,green_off,,08:50:55.306,,,,,,,,,,,,
18,5_1,5,#  5 MAK,HONDA,0,3,,,,,,,,,,Pit,,Dry     ,Fine,green_off,,08:50:55.418,,,,,,,,,,,,
19,7_1,7,#  7 KOB,TOYOTA,0,4,,,,,,,,,,Pit,,Dry     ,Fine,green_off,,08:50:55.530,,,,,,,,,,,,
20,12_1,12,# 12 ATS,HONDA,0,5,,,,,,,,,,Pit,,Dry     ,Fine,green_off,,08:50:55.650,,,,,,,,,,,,
21,14_1,14,# 14 OSH,TOYOTA,0,6,,,,,,,,,,Pit,,Dry     ,Fine,green_off,,08:50:55.731,,,,,,,,,,,,
22,15_1,15,# 15 IWA,HONDA,0,7,,,,,,,,,,Pit,,Dry     ,Fine,green_off,,08:50:55.817,,,,,,,,,,,,
23,20_1,20,# 20 TAK,TOYOTA,0,8,,,,,,,,,,Pit,,Dry     ,Fine,green_off,,08:50:55.941,,,,,,,,,,,,
24,28_1,28,# 28 KOT,TOYOTA,0,9,,,,,,,,,,Pit,,Dry     ,Fine,green_off,,08:50:56.042,,,,,,,,,,,,
25,38_1,38,# 38 SAK,TOYOTA,0,10,,,,,,,,,,Pit,,Dry     ,Fine,green_off,,08:50:56.141,,,,,,,,,,,,
26,64_1,64,# 64 REN,HONDA,0,11,,,,,,,,,,Pit,,Dry     ,Fine,green_off,,08:50:56.255,,,,,,,,,,,,
27,37_1,37,# 37 FEN,TOYOTA,0,1,,,,,,,,,,Pit,,Dry     ,Fine,green_off,,08:51:00.256,,,,,,,,,,,,
28,3_1,3,#  3 KEN,TOYOTA,0,2,,,,,,,,,,Pit,,Dry     ,Fine,green_off,,08:51:00.340,,,,,,,,,,,,
29,5_1,5,#  5 MAK,HONDA,0,3,,,,,,,,,,Pit,,Dry     ,Fine,green_off,,08:51:00.440,,,,,,,,,,,,
30,7_1,7,#  7 KOB,TOYOTA,0,4,,,,,,,,,,Pit,,Dry     ,Fine,green_off,,08:51:00.545,,,,,,,,,,,,
31,12_1,12,# 12 ATS,HONDA,0,5,,,,,,,,,,Pit,,Dry     ,Fine,green_off,,08:51:00.664,,,,,,,,,,,,
32,14_1,14,# 14 OSH,TOYOTA,0,6,,,,,,,,,,Pit,,Dry     ,Fine,green_off,,08:51:00.758,,,,,,,,,,,,
33,15_1,15,# 15 IWA,HONDA,0,7,,,,,,,,,,Pit,,Dry     ,Fine,green_off,,08:51:00.832,,,,,,,,,,,,
34,20_1,20,# 20 TAK,TOYOTA,0,8,,,,,,,,,,Pit,,Dry     ,Fine,green_off,,08:51:00.940,,,,,,,,,,,,
35,28_1,28,# 28 KOT,TOYOTA,0,9,,,,,,,,,,Pit,,Dry     ,Fine,green_off,,08:51:01.019,,,,,,,,,,,,
36,38_1,38,# 38 SAK,TOYOTA,0,10,,,,,,,,,,Pit,,Dry     ,Fine,green_off,,08:51:01.117,,,,,,,,,,,,
37,64_1,64,# 64 REN,HONDA,0,11,,,,,,,,,,Pit,,Dry     ,Fine,green_off,,08:51:01.224,,,,,,,,,,,,
38,37_1,37,# 37 FEN,TOYOTA,0,1,,,,,,,,,,Pit,,Dry     ,Fine,green_off,,08:51:05.264,,,,,,,,,,,,
39,3_1,3,#  3 KEN,TOYOTA,0,2,,,,,,,,,,Pit,,Dry     ,Fine,green_off,,08:51:05.338,,,,,,,,,,,,
40,5_1,5,#  5 MAK,HONDA,0,3,,,,,,,,,,Pit,,Dry     ,Fine,green_off,,08:51:05.436,,,,,,,,,,,,
41,7_1,7,#  7 KOB,TOYOTA,0,4,,,,,,,,,,Pit,,Dry     ,Fine,green_off,,08:51:05.533,,,,,,,,,,,,
42,12_1,12,# 12 ATS,HONDA,0,5,,,,,,,,,,Pit,,Dry     ,Fine,green_off,,08:51:05.637,,,,,,,,,,,,
43,14_1,14,# 14 OSH,TOYOTA,0,6,,,,,,,,,,Pit,,Dry     ,Fine,green_off,,08:51:05.711,,,,,,,,,,,,
44,15_1,15,# 15 IWA,HONDA,0,7,,,,,,,,,,Pit,,Dry     ,Fine,green_off,,08:51:05.786,,,,,,,,,,,,
45,20_1,20,# 20 TAK,TOYOTA,0,8,,,,,,,,,,Pit,,Dry     ,Fine,green_off,,08:51:05.887,,,,,,,,,,,,
46,28_1,28,# 28 KOT,TOYOTA,0,9,,,,,,,,,,Pit,,Dry     ,Fine,green_off,,08:51:05.961,,,,,,,,,,,,
47,38_1,38,# 38 SAK,TOYOTA,0,10,,,,,,,,,,Pit,,Dry     ,Fine,green_off,,08:51:06.053,,,,,,,,,,,,
48,64_1,64,# 64 REN,HONDA,0,11,,,,,,,,,,Pit,,Dry     ,Fine,green_off,,08:51:06.161,,,,,,,,,,,,
49,37_1,37,# 37 FEN,TOYOTA,0,1,,,,,,,,,,Pit,,Dry     ,Fine,green_off,,08:51:10.179,,,,,,,,,,,,
50,3_1,3,#  3 KEN,TOYOTA,0,2,,,,,,,,,,Pit,,Dry     ,Fine,green_off,,08:51:10.259,,,,,,,,,,,,
51,5_1,5,#  5 MAK,HONDA,0,3,,,,,,,,,,Pit,,Dry     ,Fine,green_off,,08:51:10.359,,,,,,,,,,,,
52,7_1,7,#  7 KOB,TOYOTA,0,4,,,,,,,,,,Pit,,Dry     ,Fine,green_off,,08:51:10.457,,,,,,,,,,,,
53,12_1,12,# 12 ATS,HONDA,0,5,,,,,,,,,,Pit,,Dry     ,Fine,green_off,,08:51:10.576,,,,,,,,,,,,
54,14_1,14,# 14 OSH,TOYOTA,0,6,,,,,,,,,,Pit,,Dry     ,Fine,green_off,,08:51:10.656,,,,,,,,,,,,
55,15_1,15,# 15 IWA,HONDA,0,7,,,,,,,,,,Pit,,Dry     ,Fine,green_off,,08:51:10.734,,,,,,,,,,,,
56,20_1,20,# 20 TAK,TOYOTA,0,8,,,,,,,,,,Pit,,Dry     ,Fine,green_off,,08:51:10.848,,,,,,,,,,,,
57,28_1,28,# 28 KOT,TOYOTA,0,9,,,,,,,,,,Pit,,Dry     ,Fine,green_off,,08:51:10.931,,,,,,,,,,,,
58,38_1,38,# 38 SAK,TOYOTA,0,10,,,,,,,,,,Pit,,Dry     ,Fine,green_off,,08:51:11.023,,,,,,,,,,,,
59,64_1,64,# 64 REN,HONDA,0,11,,,,,,,,,,Pit,,Dry     ,Fine,green_off,,08:51:11.132,,,,,,,,,,,,
60,37_1,37,# 37 FEN,TOYOTA,0,1,,,,,,,,,,Pit,,Dry     ,Fine,green_off,,08:51:15.149,,,,,,,,,,,,
61,3_1,3,#  3 KEN,TOYOTA,0,2,,,,,,,,,,Pit,,Dry     ,Fine,green_off,,08:51:15.229,,,,,,,,,,,,
62,5_1,5,#  5 MAK,HONDA,0,3,,,,,,,,,,Pit,,Dry     ,Fine,green_off,,08:51:15.326,,,,,,,,,,,,
63,7_1,7,#  7 KOB,TOYOTA,0,4,,,,,,,,,,Pit,,Dry     ,Fine,green_off,,08:51:15.422,,,,,,,,,,,,
64,12_1,12,# 12 ATS,HONDA,0,5,,,,,,,,,,Pit,,Dry     ,Fine,green_off,,08:51:15.535,,,,,,,,,,,,
65,14_1,14,# 14 OSH,TOYOTA,0,6,,,,,,,,,,Pit,,Dry     ,Fine,green_off,,08:51:15.615,,,,,,,,,,,,
66,15_1,15,# 15 IWA,HONDA,0,7,,,,,,,,,,Pit,,Dry     ,Fine,green_off,,08:51:15.697,,,,,,,,,,,,
67,20_1,20,# 20 TAK,TOYOTA,0,8,,,,,,,,,,Pit,,Dry     ,Fine,green_off,,08:51:15.830,,,,,,,,,,,,
68,28_1,28,# 28 KOT,TOYOTA,0,9,,,,,,,,,,Pit,,Dry     ,Fine,green_off,,08:51:15.912,,,,,,,,,,,,
69,38_1,38,# 38 SAK,TOYOTA,0,10,,,,,,,,,,Pit,,Dry     ,Fine,green_off,,08:51:16.011,,,,,,,,,,,,
70,64_1,64,# 64 REN,HONDA,0,11,,,,,,,,,,Pit,,Dry     ,Fine,green_off,,08:51:16.130,,,,,,,,,,,,
71,37_1,37,# 37 FEN,TOYOTA,0,1,,,,,,,,,,Pit,,Dry     ,Fine,green_off,,08:51:20.165,,,,,,,,,,,,
72,3_1,3,#  3 KEN,TOYOTA,0,2,,,,,,,,,,Pit,,Dry     ,Fine,green_off,,08:51:20.245,,,,,,,,,,,,
73,5_1,5,#  5 MAK,HONDA,0,3,,,,,,,,,,Pit,,Dry     ,Fine,green_off,,08:51:20.339,,,,,,,,,,,,
74,7_1,7,#  7 KOB,TOYOTA,0,4,,,,,,,,,,Pit,,Dry     ,Fine,green_off,,08:51:20.432,,,,,,,,,,,,
75,12_1,12,# 12 ATS,HONDA,0,5,,,,,,,,,,Pit,,Dry     ,Fine,green_off,,08:51:20.548,,,,,,,,,,,,
76,14_1,14,# 14 OSH,TOYOTA,0,6,,,,,,,,,,Pit,,Dry     ,Fine,green_off,,08:51:20.630,,,,,,,,,,,,
77,15_1,15,# 15 IWA,HONDA,0,7,,,,,,,,,,Pit,,Dry     ,Fine,green_off,,08:51:20.713,,,,,,,,,,,,
78,20_1,20,# 20 TAK,TOYOTA,0,8,,,,,,,,,,Pit,,Dry     ,Fine,green_off,,08:51:20.831,,,,,,,,,,,,
79,28_1,28,# 28 KOT,TOYOTA,0,9,,,,,,,,,,Pit,,Dry     ,Fine,green_off,,08:51:20.913,,,,,,,,,,,,
80,38_1,38,# 38 SAK,TOYOTA,0,10,,,,,,,,,,Pit,,Dry     ,Fine,green_off,,08:51:21.009,,,,,,,,,,,,
81,64_1,64,# 64 REN,HONDA,0,11,,,,,,,,,,Pit,,Dry     ,Fine,green_off,,08:51:21.127,,,,,,,,,,,,
82,37_1,37,# 37 FEN,TOYOTA,0,1,,,,,,,,,,Pit,,Dry     ,Fine,green_off,,08:51:25.147,,,,,,,,,,,,
83,3_1,3,#  3 KEN,TOYOTA,0,2,,,,,,,,,,Pit,,Dry     ,Fine,green_off,,08:51:25.223,,,,,,,,,,,,
84,5_1,5,#  5 MAK,HONDA,0,3,,,,,,,,,,Pit,,Dry     ,Fine,green_off,,08:51:25.310,,,,,,,,,,,,
85,7_1,7,#  7 KOB,TOYOTA,0,4,,,,,,,,,,Pit,,Dry     ,Fine,green_off,,08:51:25.396,,,,,,,,,,,,
86,12_1,12,# 12 ATS,HONDA,0,5,,,,,,,,,,Pit,,Dry     ,Fine,green_off,,08:51:25.503,,,,,,,,,,,,
87,14_1,14,# 14 OSH,TOYOTA,0,6,,,,,,,,,,Pit,,Dry     ,Fine,green_off,,08:51:25.583,,,,,,,,,,,,
88,15_1,15,# 15 IWA,HONDA,0,7,,,,,,,,,,Pit,,Dry     ,Fine,green_off,,08:51:25.667,,,,,,,,,,,,
89,20_1,20,# 20 TAK,TOYOTA,0,8,,,,,,,,,,Pit,,Dry     ,Fine,green_off,,08:51:25.770,,,,,,,,,,,,
90,28_1,28,# 28 KOT,TOYOTA,0,9,,,,,,,,,,Pit,,Dry     ,Fine,green_off,,08:51:25.842,,,,,,,,,,,,
91,38_1,38,# 38 SAK,TOYOTA,0,10,,,,,,,,,,Pit,,Dry     ,Fine,green_off,,08:51:25.931,,,,,,,,,,,,
92,64_1,64,# 64 REN,HONDA,0,11,,,,,,,,,,Pit,,Dry     ,Fine,green_off,,08:51:26.041,,,,,,,,,,,,
93,37_1,37,# 37 FEN,TOYOTA,0,1,,,,,,,,,,Pit,,Dry     ,Fine,green_off,,08:51:30.283,,,,,,,,,,,,
94,3_1,3,#  3 KEN,TOYOTA,0,2,,,,,,,,,,Pit,,Dry     ,Fine,green_off,,08:51:30.366,,,,,,,,,,,,
95,5_1,5,#  5 MAK,HONDA,0,3,,,,,,,,,,Pit,,Dry     ,Fine,green_off,,08:51:30.457,,,,,,,,,,,,
96,7_1,7,#  7 KOB,TOYOTA,0,4,,,,,,,,,,Pit,,Dry     ,Fine,green_off,,08:51:30.550,,,,,,,,,,,,
97,12_1,12,# 12 ATS,HONDA,0,5,,,,,,,,,,Pit,,Dry     ,Fine,green_off,,08:51:30.655,,,,,,,,,,,,
98,14_1,14,# 14 OSH,TOYOTA,0,6,,,,,,,,,,Pit,,Dry     ,Fine,green_off,,08:51:30.729,,,,,,,,,,,,
99,15_1,15,# 15 IWA,HONDA,0,7,,,,,,,,,,Pit,,Dry     ,Fine,green_off,,08:51:30.802,,,,,,,,,,,,
100,20_1,20,# 20 TAK,TOYOTA,0,8,,,,,,,,,,Pit,,Dry     ,Fine,green_off,,08:51:30.906,,,,,,,,,,,,
101,28_1,28,# 28 KOT,TOYOTA,0,9,,,,,,,,,,Pit,,Dry     ,Fine,green_off,,08:51:30.985,,,,,,,,,,,,
102,38_1,38,# 38 SAK,TOYOTA,0,10,,,,,,,,,,Pit,,Dry     ,Fine,green_off,,08:51:31.075,,,,,,,,,,,,
103,64_1,64,# 64 REN,HONDA,0,11,,,,,,,,,,Pit,,Dry     ,Fine,green_off,,08:51:31.185,,,,,,,,,,,,
104,37_1,37,# 37 FEN,TOYOTA,0,1,,,,,,,,,,Pit,,Dry     ,Fine,green_off,,08:51:35.229,,,,,,,,,,,,
105,3_1,3,#  3 KEN,TOYOTA,0,2,,,,,,,,,,Pit,,Dry     ,Fine,green_off,,08:51:35.313,,,,,,,,,,,,
106,5_1,5,#  5 MAK,HONDA,0,3,,,,,,,,,,Pit,,Dry     ,Fine,green_off,,08:51:35.413,,,,,,,,,,,,
107,7_1,7,#  7 KOB,TOYOTA,0,4,,,,,,,,,,Pit,,Dry     ,Fine,green_off,,08:51:35.514,,,,,,,,,,,,
108,12_1,12,# 12 ATS,HONDA,0,5,,,,,,,,,,Pit,,Dry     ,Fine,green_off,,08:51:35.630,,,,,,,,,,,,
109,14_1,14,# 14 OSH,TOYOTA,0,6,,,,,,,,,,Pit,,Dry     ,Fine,green_off,,08:51:35.710,,,,,,,,,,,,
110,15_1,15,# 15 IWA,HONDA,0,7,,,,,,,,,,Pit,,Dry     ,Fine,green_off,,08:51:35.791,,,,,,,,,,,,
111,20_1,20,# 20 TAK,TOYOTA,0,8,,,,,,,,,,Pit,,Dry     ,Fine,green_off,,08:51:35.896,,,,,,,,,,,,
112,28_1,28,# 28 KOT,TOYOTA,0,9,,,,,,,,,,Pit,,Dry     ,Fine,green_off,,08:51:35.972,,,,,,,,,,,,
113,38_1,38,# 38 SAK,TOYOTA,0,10,,,,,,,,,,Pit,,Dry     ,Fine,green_off,,08:51:36.063,,,,,,,,,,,,
114,64_1,64,# 64 REN,HONDA,0,11,,,,,,,,,,Pit,,Dry     ,Fine,green_off,,08:51:36.164,,,,,,,,,,,,
115,37_1,37,# 37 FEN,TOYOTA,0,1,,,,,,,,,,Pit,,Dry     ,Fine,green_off,,08:51:40.198,,,,,,,,,,,,
116,3_1,3,#  3 KEN,TOYOTA,0,2,,,,,,,,,,Pit,,Dry     ,Fine,green_off,,08:51:40.279,,,,,,,,,,,,
117,5_1,5,#  5 MAK,HONDA,0,3,,,,,,,,,,Pit,,Dry     ,Fine,green_off,,08:51:40.378,,,,,,,,,,,,
118,7_1,7,#  7 KOB,TOYOTA,0,4,,,,,,,,,,Pit,,Dry     ,Fine,green_off,,08:51:40.476,,,,,,,,,,,,
119,12_1,12,# 12 ATS,HONDA,0,5,,,,,,,,,,Pit,,Dry     ,Fine,green_off,,08:51:40.594,,,,,,,,,,,,
120,14_1,14,# 14 OSH,TOYOTA,0,6,,,,,,,,,,Pit,,Dry     ,Fine,green_off,,08:51:40.675,,,,,,,,,,,,
121,15_1,15,# 15 IWA,HONDA,0,7,,,,,,,,,,Pit,,Dry     ,Fine,green_off,,08:51:40.755,,,,,,,,,,,,
122,20_1,20,# 20 TAK,TOYOTA,0,8,,,,,,,,,,Pit,,Dry     ,Fine,green_off,,08:51:40.866,,,,,,,,,,,,
123,28_1,28,# 28 KOT,TOYOTA,0,9,,,,,,,,,,Pit,,Dry     ,Fine,green_off,,08:51:40.939,,,,,,,,,,,,
124,38_1,38,# 38 SAK,TOYOTA,0,10,,,,,,,,,,Pit,,Dry     ,Fine,green_off,,08:51:41.030,,,,,,,,,,,,
125,64_1,64,# 64 REN,HONDA,0,11,,,,,,,,,,Pit,,Dry     ,Fine,green_off,,08:51:41.131,,,,,,,,,,,,
126,37_1,37,# 37 FEN,TOYOTA,0,1,,,,,,,,,,Pit,,Dry     ,Fine,green_off,,08:51:45.177,,,,,,,,,,,,
127,3_1,3,#  3 KEN,TOYOTA,0,2,,,,,,,,,,Pit,,Dry     ,Fine,green_off,,08:51:45.255,,,,,,,,,,,,
128,5_1,5,#  5 MAK,HONDA,0,3,,,,,,,,,,Pit,,Dry     ,Fine,green_off,,08:51:45.341,,,,,,,,,,,,
129,7_1,7,#  7 KOB,TOYOTA,0,4,,,,,,,,,,Pit,,Dry     ,Fine,green_off,,08:51:45.435,,,,,,,,,,,,
130,12_1,12,# 12 ATS,HONDA,0,5,,,,,,,,,,Pit,,Dry     ,Fine,green_off,,08:51:45.545,,,,,,,,,,,,
131,14_1,14,# 14 OSH,TOYOTA,0,6,,,,,,,,,,Pit,,Dry     ,Fine,green_off,,08:51:45.627,,,,,,,,,,,,
132,15_1,15,# 15 IWA,HONDA,0,7,,,,,,,,,,Pit,,Dry     ,Fine,green_off,,08:51:45.708,,,,,,,,,,,,
133,20_1,20,# 20 TAK,TOYOTA,0,8,,,,,,,,,,Pit,,Dry     ,Fine,green_off,,08:51:45.821,,,,,,,,,,,,
134,28_1,28,# 28 KOT,TOYOTA,0,9,,,,,,,,,,Pit,,Dry     ,Fine,green_off,,08:51:45.899,,,,,,,,,,,,
135,38_1,38,# 38 SAK,TOYOTA,0,10,,,,,,,,,,Pit,,Dry     ,Fine,green_off,,08:51:45.991,,,,,,,,,,,,
136,64_1,64,# 64 REN,HONDA,0,11,,,,,,,,,,Pit,,Dry     ,Fine,green_off,,08:51:46.102,,,,,,,,,,,,
137,37_1,37,# 37 FEN,TOYOTA,0,1,,,,,,,,,,Pit,,Dry     ,Fine,green_off,,08:51:50.146,,,,,,,,,,,,
138,3_1,3,#  3 KEN,TOYOTA,0,2,,,,,,,,,,Pit,,Dry     ,Fine,green_off,,08:51:50.230,,,,,,,,,,,,
139,5_1,5,#  5 MAK,HONDA,0,3,,,,,,,,,,Pit,,Dry     ,Fine,green_off,,08:51:50.321,,,,,,,,,,,,
140,7_1,7,#  7 KOB,TOYOTA,0,4,,,,,,,,,,Pit,,Dry     ,Fine,green_off,,08:51:50.409,,,,,,,,,,,,
141,12_1,12,# 12 ATS,HONDA,0,5,,,,,,,,,,Pit,,Dry     ,Fine,green_off,,08:51:50.508,,,,,,,,,,,,
142,14_1,14,# 14 OSH,TOYOTA,0,6,,,,,,,,,,Pit,,Dry     ,Fine,green_off,,08:51:50.581,,,,,,,,,,,,
143,15_1,15,# 15 IWA,HONDA,0,7,,,,,,,,,,Pit,,Dry     ,Fine,green_off,,08:51:50.656,,,,,,,,,,,,
144,20_1,20,# 20 TAK,TOYOTA,0,8,,,,,,,,,,Pit,,Dry     ,Fine,green_off,,08:51:50.775,,,,,,,,,,,,
145,28_1,28,# 28 KOT,TOYOTA,0,9,,,,,,,,,,Pit,,Dry     ,Fine,green_off,,08:51:50.854,,,,,,,,,,,,
146,38_1,38,# 38 SAK,TOYOTA,0,10,,,,,,,,,,Pit,,Dry     ,Fine,green_off,,08:51:50.954,,,,,,,,,,,,
147,64_1,64,# 64 REN,HONDA,0,11,,,,,,,,,,Pit,,Dry     ,Fine,green_off,,08:51:51.068,,,,,,,,,,,,
148,37_1,37,# 37 FEN,TOYOTA,0,1,,,,,,,,,,Pit,,Dry     ,Fine,green_off,,08:51:55.299,,,,,,,,,,,,
149,3_1,3,#  3 KEN,TOYOTA,0,2,,,,,,,,,,Pit,,Dry     ,Fine,green_off,,08:51:55.376,,,,,,,,,,,,
150,5_1,5,#  5 MAK,HONDA,0,3,,,,,,,,,,Pit,,Dry     ,Fine,green_off,,08:51:55.466,,,,,,,,,,,,
151,7_1,7,#  7 KOB,TOYOTA,0,4,,,,,,,,,,Pit,,Dry     ,Fine,green_off,,08:51:55.555,,,,,,,,,,,,
152,12_1,12,# 12 ATS,HONDA,0,5,,,,,,,,,,Pit,,Dry     ,Fine,green_off,,08:51:55.656,,,,,,,,,,,,
153,14_1,14,# 14 OSH,TOYOTA,0,6,,,,,,,,,,Pit,,Dry     ,Fine,green_off,,08:51:55.734,,,,,,,,,,,,
154,15_1,15,# 15 IWA,HONDA,0,7,,,,,,,,,,Pit,,Dry     ,Fine,green_off,,08:51:55.816,,,,,,,,,,,,
155,20_1,20,# 20 TAK,TOYOTA,0,8,,,,,,,,,,Pit,,Dry     ,Fine,green_off,,08:51:55.929,,,,,,,,,,,,
156,28_1,28,# 28 KOT,TOYOTA,0,9,,,,,,,,,,Pit,,Dry     ,Fine,green_off,,08:51:56.007,,,,,,,,,,,,
157,38_1,38,# 38 SAK,TOYOTA,0,10,,,,,,,,,,Pit,,Dry     ,Fine,green_off,,08:51:56.109,,,,,,,,,,,,
158,64_1,64,# 64 REN,HONDA,0,11,,,,,,,,,,Pit,,Dry     ,Fine,green_off,,08:51:56.226,,,,,,,,,,,,
159,37_1,37,# 37 FEN,TOYOTA,0,1,,,,,,,,,,Pit,,Dry     ,Fine,green_off,,08:52:00.261,,,,,,,,,,,,
160,3_1,3,#  3 KEN,TOYOTA,0,2,,,,,,,,,,Pit,,Dry     ,Fine,green_off,,08:52:00.340,,,,,,,,,,,,
161,5_1,5,#  5 MAK,HONDA,0,3,,,,,,,,,,Pit,,Dry     ,Fine,green_off,,08:52:00.428,,,,,,,,,,,,
162,7_1,7,#  7 KOB,TOYOTA,0,4,,,,,,,,,,Pit,,Dry     ,Fine,green_off,,08:52:00.514,,,,,,,,,,,,
163,12_1,12,# 12 ATS,HONDA,0,5,,,,,,,,,,Pit,,Dry     ,Fine,green_off,,08:52:00.617,,,,,,,,,,,,
164,14_1,14,# 14 OSH,TOYOTA,0,6,,,,,,,,,,Pit,,Dry     ,Fine,green_off,,08:52:00.692,,,,,,,,,,,,
165,15_1,15,# 15 IWA,HONDA,0,7,,,,,,,,,,Pit,,Dry     ,Fine,green_off,,08:52:00.770,,,,,,,,,,,,
166,20_1,20,# 20 TAK,TOYOTA,0,8,,,,,,,,,,Pit,,Dry     ,Fine,green_off,,08:52:00.884,,,,,,,,,,,,
167,28_1,28,# 28 KOT,TOYOTA,0,9,,,,,,,,,,Pit,,Dry     ,Fine,green_off,,08:52:00.964,,,,,,,,,,,,
168,38_1,38,# 38 SAK,TOYOTA,0,10,,,,,,,,,,Pit,,Dry     ,Fine,green_off,,08:52:01.064,,,,,,,,,,,,
169,64_1,64,# 64 REN,HONDA,0,11,,,,,,,,,,Pit,,Dry     ,Fine,green_off,,08:52:01.181,,,,,,,,,,,,
170,37_1,37,# 37 FEN,TOYOTA,0,1,,,,,,,,,,Pit,,Dry     ,Fine,green_off,,08:52:05.202,,,,,,,,,,,,
171,3_1,3,#  3 KEN,TOYOTA,0,2,,,,,,,,,,Pit,,Dry     ,Fine,green_off,,08:52:05.285,,,,,,,,,,,,
172,5_1,5,#  5 MAK,HONDA,0,3,,,,,,,,,,Pit,,Dry     ,Fine,green_off,,08:52:05.381,,,,,,,,,,,,
173,7_1,7,#  7 KOB,TOYOTA,0,4,,,,,,,,,,Pit,,Dry     ,Fine,green_off,,08:52:05.474,,,,,,,,,,,,
174,12_1,12,# 12 ATS,HONDA,0,5,,,,,,,,,,Pit,,Dry     ,Fine,green_off,,08:52:05.588,,,,,,,,,,,,
175,14_1,14,# 14 OSH,TOYOTA,0,6,,,,,,,,,,Pit,,Dry     ,Fine,green_off,,08:52:05.667,,,,,,,,,,,,
176,15_1,15,# 15 IWA,HONDA,0,7,,,,,,,,,,Pit,,Dry     ,Fine,green_off,,08:52:05.743,,,,,,,,,,,,
177,20_1,20,# 20 TAK,TOYOTA,0,8,,,,,,,,,,Pit,,Dry     ,Fine,green_off,,08:52:05.847,,,,,,,,,,,,
178,28_1,28,# 28 KOT,TOYOTA,0,9,,,,,,,,,,Pit,,Dry     ,Fine,green_off,,08:52:05.919,,,,,,,,,,,,
179,38_1,38,# 38 SAK,TOYOTA,0,10,,,,,,,,,,Pit,,Dry     ,Fine,green_off,,08:52:06.009,,,,,,,,,,,,
180,64_1,64,# 64 REN,HONDA,0,11,,,,,,,,,,Pit,,Dry     ,Fine,green_off,,08:52:06.117,,,,,,,,,,,,
181,37_1,37,# 37 FEN,TOYOTA,0,1,,,,,,,,,,Pit,,Dry     ,Fine,green_off,,08:52:10.130,,,,,,,,,,,,
182,3_1,3,#  3 KEN,TOYOTA,0,2,,,,,,,,,,Pit,,Dry     ,Fine,green_off,,08:52:10.224,,,,,,,,,,,,
183,5_1,5,#  5 MAK,HONDA,0,3,,,,,,,,,,Pit,,Dry     ,Fine,green_off,,08:52:10.333,,,,,,,,,,,,
184,7_1,7,#  7 KOB,TOYOTA,0,4,,,,,,,,,,Pit,,Dry     ,Fine,green_off,,08:52:10.440,,,,,,,,,,,,
185,12_1,12,# 12 ATS,HONDA,0,5,,,,,,,,,,Pit,,Dry     ,Fine,green_off,,08:52:10.570,,,,,,,,,,,,
186,14_1,14,# 14 OSH,TOYOTA,0,6,,,,,,,,,,Pit,,Dry     ,Fine,green_off,,08:52:10.653,,,,,,,,,,,,
187,15_1,15,# 15 IWA,HONDA,0,7,,,,,,,,,,Pit,,Dry     ,Fine,green_off,,08:52:10.735,,,,,,,,,,,,
188,20_1,20,# 20 TAK,TOYOTA,0,8,,,,,,,,,,Pit,,Dry     ,Fine,green_off,,08:52:10.842,,,,,,,,,,,,
189,28_1,28,# 28 KOT,TOYOTA,0,9,,,,,,,,,,Pit,,Dry     ,Fine,green_off,,08:52:10.920,,,,,,,,,,,,
190,38_1,38,# 38 SAK,TOYOTA,0,10,,,,,,,,,,Pit,,Dry     ,Fine,green_off,,08:52:11.007,,,,,,,,,,,,
191,64_1,64,# 64 REN,HONDA,0,11,,,,,,,,,,Pit,,Dry     ,Fine,green_off,,08:52:11.113,,,,,,,,,,,,
192,37_1,37,# 37 FEN,TOYOTA,0,1,,,,,,,,,,Pit,,Dry     ,Fine,green_off,,08:52:15.109,,,,,,,,,,,,
193,3_1,3,#  3 KEN,TOYOTA,0,2,,,,,,,,,,Pit,,Dry     ,Fine,green_off,,08:52:15.196,,,,,,,,,,,,
194,5_1,5,#  5 MAK,HONDA,0,3,,,,,,,,,,Pit,,Dry     ,Fine,green_off,,08:52:15.307,,,,,,,,,,,,
195,7_1,7,#  7 KOB,TOYOTA,0,4,,,,,,,,,,Pit,,Dry     ,Fine,green_off,,08:52:15.419,,,,,,,,,,,,
196,12_1,12,# 12 ATS,HONDA,0,5,,,,,,,,,,Pit,,Dry     ,Fine,green_off,,08:52:15.555,,,,,,,,,,,,
197,14_1,14,# 14 OSH,TOYOTA,0,6,,,,,,,,,,Pit,,Dry     ,Fine,green_off,,08:52:15.647,,,,,,,,,,,,
198,15_1,15,# 15 IWA,HONDA,0,7,,,,,,,,,,Pit,,Dry     ,Fine,green_off,,08:52:15.737,,,,,,,,,,,,
199,20_1,20,# 20 TAK,TOYOTA,0,8,,,,,,,,,,Pit,,Dry     ,Fine,green_off,,08:52:15.859,,,,,,,,,,,,
200,28_1,28,# 28 KOT,TOYOTA,0,9,,,,,,,,,,Pit,,Dry     ,Fine,green_off,,08:52:15.945,,,,,,,,,,,,
201,38_1,38,# 38 SAK,TOYOTA,0,10,,,,,,,,,,Pit,,Dry     ,Fine,green_off,,08:52:16.039,,,,,,,,,,,,
202,64_1,64,# 64 REN,HONDA,0,11,,,,,,,,,,Pit,,Dry     ,Fine,green_off,,08:52:16.146,,,,,,,,,,,,
203,37_1,37,# 37 FEN,TOYOTA,0,1,,,,,,,,,,Pit,,Dry     ,Fine,green_off,,08:52:20.169,,,,,,,,,,,,
204,3_1,3,#  3 KEN,TOYOTA,0,2,,,,,,,,,,Pit,,Dry     ,Fine,green_off,,08:52:20.242,,,,,,,,,,,,
205,5_1,5,#  5 MAK,HONDA,0,3,,,,,,,,,,Pit,,Dry     ,Fine,green_off,,08:52:20.329,,,,,,,,,,,,
206,7_1,7,#  7 KOB,TOYOTA,0,4,,,,,,,,,,Pit,,Dry     ,Fine,green_off,,08:52:20.418,,,,,,,,,,,,
207,12_1,12,# 12 ATS,HONDA,0,5,,,,,,,,,,Pit,,Dry     ,Fine,green_off,,08:52:20.523,,,,,,,,,,,,
208,14_1,14,# 14 OSH,TOYOTA,0,6,,,,,,,,,,Pit,,Dry     ,Fine,green_off,,08:52:20.605,,,,,,,,,,,,
209,15_1,15,# 15 IWA,HONDA,0,7,,,,,,,,,,Pit,,Dry     ,Fine,green_off,,08:52:20.685,,,,,,,,,,,,
210,20_1,20,# 20 TAK,TOYOTA,0,8,,,,,,,,,,Pit,,Dry     ,Fine,green_off,,08:52:20.801,,,,,,,,,,,,
211,28_1,28,# 28 KOT,TOYOTA,0,9,,,,,,,,,,Pit,,Dry     ,Fine,green_off,,08:52:20.883,,,,,,,,,,,,
212,38_1,38,# 38 SAK,TOYOTA,0,10,,,,,,,,,,Pit,,Dry     ,Fine,green_off,,08:52:20.978,,,,,,,,,,,,
213,64_1,64,# 64 REN,HONDA,0,11,,,,,,,,,,Pit,,Dry     ,Fine,green_off,,08:52:21.082,,,,,,,,,,,,
214,37_1,37,# 37 FEN,TOYOTA,0,1,,,,,,,,,,Pit,,Dry     ,Fine,green_off,,08:52:25.314,,,,,,,,,,,,
215,3_1,3,#  3 KEN,TOYOTA,0,2,,,,,,,,,,Pit,,Dry     ,Fine,green_off,,08:52:25.394,,,,,,,,,,,,
216,5_1,5,#  5 MAK,HONDA,0,3,,,,,,,,,,Pit,,Dry     ,Fine,green_off,,08:52:25.494,,,,,,,,,,,,
217,7_1,7,#  7 KOB,TOYOTA,0,4,,,,,,,,,,Pit,,Dry     ,Fine,green_off,,08:52:25.590,,,,,,,,,,,,
218,12_1,12,# 12 ATS,HONDA,0,5,,,,,,,,,,Pit,,Dry     ,Fine,green_off,,08:52:25.705,,,,,,,,,,,,
219,14_1,14,# 14 OSH,TOYOTA,0,6,,,,,,,,,,Pit,,Dry     ,Fine,green_off,,08:52:25.786,,,,,,,,,,,,
220,15_1,15,# 15 IWA,HONDA,0,7,,,,,,,,,,Pit,,Dry     ,Fine,green_off,,08:52:25.861,,,,,,,,,,,,
221,20_1,20,# 20 TAK,TOYOTA,0,8,,,,,,,,,,Pit,,Dry     ,Fine,green_off,,08:52:25.968,,,,,,,,,,,,
222,28_1,28,# 28 KOT,TOYOTA,0,9,,,,,,,,,,Pit,,Dry     ,Fine,green_off,,08:52:26.041,,,,,,,,,,,,
223,38_1,38,# 38 SAK,TOYOTA,0,10,,,,,,,,,,Pit,,Dry     ,Fine,green_off,,08:52:26.129,,,,,,,,,,,,
224,64_1,64,# 64 REN,HONDA,0,11,,,,,,,,,,Pit,,Dry     ,Fine,green_off,,08:52:26.237,,,,,,,,,,,,
225,37_1,37,# 37 FEN,TOYOTA,0,1,,,,,,,,,,Pit,,Dry     ,Fine,green_off,,08:52:30.240,,,,,,,,,,,,
226,3_1,3,#  3 KEN,TOYOTA,0,2,,,,,,,,,,Pit,,Dry     ,Fine,green_off,,08:52:30.331,,,,,,,,,,,,
227,5_1,5,#  5 MAK,HONDA,0,3,,,,,,,,,,Pit,,Dry     ,Fine,green_off,,08:52:30.441,,,,,,,,,,,,
228,7_1,7,#  7 KOB,TOYOTA,0,4,,,,,,,,,,Pit,,Dry     ,Fine,green_off,,08:52:30.548,,,,,,,,,,,,
229,12_1,12,# 12 ATS,HONDA,0,5,,,,,,,,,,Pit,,Dry     ,Fine,green_off,,08:52:30.675,,,,,,,,,,,,
230,14_1,14,# 14 OSH,TOYOTA,0,6,,,,,,,,,,Pit,,Dry     ,Fine,green_off,,08:52:30.769,,,,,,,,,,,,
231,15_1,15,# 15 IWA,HONDA,0,7,,,,,,,,,,Pit,,Dry     ,Fine,green_off,,08:52:30.850,,,,,,,,,,,,
232,20_1,20,# 20 TAK,TOYOTA,0,8,,,,,,,,,,Pit,,Dry     ,Fine,green_off,,08:52:30.960,,,,,,,,,,,,
233,28_1,28,# 28 KOT,TOYOTA,0,9,,,,,,,,,,Pit,,Dry     ,Fine,green_off,,08:52:31.047,,,,,,,,,,,,
234,38_1,38,# 38 SAK,TOYOTA,0,10,,,,,,,,,,Pit,,Dry     ,Fine,green_off,,08:52:31.137,,,,,,,,,,,,
235,64_1,64,# 64 REN,HONDA,0,11,,,,,,,,,,Pit,,Dry     ,Fine,green_off,,08:52:31.241,,,,,,,,,,,,
236,37_1,37,# 37 FEN,TOYOTA,0,1,,,,,,,,,,Pit,,Dry     ,Fine,green_off,,08:52:35.270,,,,,,,,,,,,
237,3_1,3,#  3 KEN,TOYOTA,0,2,,,,,,,,,,Pit,,Dry     ,Fine,green_off,,08:52:35.353,,,,,,,,,,,,
238,5_1,5,#  5 MAK,HONDA,0,3,,,,,,,,,,Pit,,Dry     ,Fine,green_off,,08:52:35.449,,,,,,,,,,,,
239,7_1,7,#  7 KOB,TOYOTA,0,4,,,,,,,,,,Pit,,Dry     ,Fine,green_off,,08:52:35.548,,,,,,,,,,,,
240,12_1,12,# 12 ATS,HONDA,0,5,,,,,,,,,,Pit,,Dry     ,Fine,green_off,,08:52:35.660,,,,,,,,,,,,
241,14_1,14,# 14 OSH,TOYOTA,0,6,,,,,,,,,,Pit,,Dry     ,Fine,green_off,,08:52:35.737,,,,,,,,,,,,
242,15_1,15,# 15 IWA,HONDA,0,7,,,,,,,,,,Pit,,Dry     ,Fine,green_off,,08:52:35.811,,,,,,,,,,,,
243,20_1,20,# 20 TAK,TOYOTA,0,8,,,,,,,,,,Pit,,Dry     ,Fine,green_off,,08:52:35.914,,,,,,,,,,,,
244,28_1,28,# 28 KOT,TOYOTA,0,9,,,,,,,,,,Pit,,Dry     ,Fine,green_off,,08:52:35.986,,,,,,,,,,,,
245,38_1,38,# 38 SAK,TOYOTA,0,10,,,,,,,,,,Pit,,Dry     ,Fine,green_off,,08:52:36.074,,,,,,,,,,,,
246,64_1,64,# 64 REN,HONDA,0,11,,,,,,,,,,Pit,,Dry     ,Fine,green_off,,08:52:36.183,,,,,,,,,,,,
247,37_1,37,# 37 FEN,TOYOTA,0,1,,,,,,,,,,Pit,,Dry     ,Fine,green_off,,08:52:40.217,,,,,,,,,,,,
248,3_1,3,#  3 KEN,TOYOTA,0,2,,,,,,,,,,Pit,,Dry     ,Fine,green_off,,08:52:40.299,,,,,,,,,,,,
249,5_1,5,#  5 MAK,HONDA,0,3,,,,,,,,,,Pit,,Dry     ,Fine,green_off,,08:52:40.397,,,,,,,,,,,,
250,7_1,7,#  7 KOB,TOYOTA,0,4,,,,,,,,,,Pit,,Dry     ,Fine,green_off,,08:52:40.495,,,,,,,,,,,,
251,12_1,12,# 12 ATS,HONDA,0,5,,,,,,,,,,Pit,,Dry     ,Fine,green_off,,08:52:40.611,,,,,,,,,,,,
252,14_1,14,# 14 OSH,TOYOTA,0,6,,,,,,,,,,Pit,,Dry     ,Fine,green_off,,08:52:40.694,,,,,,,,,,,,
253,15_1,15,# 15 IWA,HONDA,0,7,,,,,,,,,,Pit,,Dry     ,Fine,green_off,,08:52:40.777,,,,,,,,,,,,
254,20_1,20,# 20 TAK,TOYOTA,0,8,,,,,,,,,,Pit,,Dry     ,Fine,green_off,,08:52:40.881,,,,,,,,,,,,
255,28_1,28,# 28 KOT,TOYOTA,0,9,,,,,,,,,,Pit,,Dry     ,Fine,green_off,,08:52:40.956,,,,,,,,,,,,
256,38_1,38,# 38 SAK,TOYOTA,0,10,,,,,,,,,,Pit,,Dry     ,Fine,green_off,,08:52:41.044,,,,,,,,,,,,
257,64_1,64,# 64 REN,HONDA,0,11,,,,,,,,,,Pit,,Dry     ,Fine,green_off,,08:52:41.146,,,,,,,,,,,,
258,37_1,37,# 37 FEN,TOYOTA,0,1,,,,,,,,,,Pit,,Dry     ,Fine,green_off,,08:52:45.181,,,,,,,,,,,,
259,3_1,3,#  3 KEN,TOYOTA,0,2,,,,,,,,,,Pit,,Dry     ,Fine,green_off,,08:52:45.261,,,,,,,,,,,,
260,5_1,5,#  5 MAK,HONDA,0,3,,,,,,,,,,Pit,,Dry     ,Fine,green_off,,08:52:45.359,,,,,,,,,,,,
261,7_1,7,#  7 KOB,TOYOTA,0,4,,,,,,,,,,Pit,,Dry     ,Fine,green_off,,08:52:45.456,,,,,,,,,,,,
262,12_1,12,# 12 ATS,HONDA,0,5,,,,,,,,,,Pit,,Dry     ,Fine,green_off,,08:52:45.571,,,,,,,,,,,,
263,14_1,14,# 14 OSH,TOYOTA,0,6,,,,,,,,,,Pit,,Dry     ,Fine,green_off,,08:52:45.651,,,,,,,,,,,,
264,15_1,15,# 15 IWA,HONDA,0,7,,,,,,,,,,Pit,,Dry     ,Fine,green_off,,08:52:45.734,,,,,,,,,,,,
265,20_1,20,# 20 TAK,TOYOTA,0,8,,,,,,,,,,Pit,,Dry     ,Fine,green_off,,08:52:45.846,,,,,,,,,,,,
266,28_1,28,# 28 KOT,TOYOTA,0,9,,,,,,,,,,Pit,,Dry     ,Fine,green_off,,08:52:45.922,,,,,,,,,,,,
267,38_1,38,# 38 SAK,TOYOTA,0,10,,,,,,,,,,Pit,,Dry     ,Fine,green_off,,08:52:46.011,,,,,,,,,,,,
268,64_1,64,# 64 REN,HONDA,0,11,,,,,,,,,,Pit,,Dry     ,Fine,green_off,,08:52:46.112,,,,,,,,,,,,
269,37_1,37,# 37 FEN,TOYOTA,0,1,,,,,,,,,,Pit,,Dry     ,Fine,green_off,,08:52:50.139,,,,,,,,,,,,
270,3_1,3,#  3 KEN,TOYOTA,0,2,,,,,,,,,,Pit,,Dry     ,Fine,green_off,,08:52:50.221,,,,,,,,,,,,
271,5_1,5,#  5 MAK,HONDA,0,3,,,,,,,,,,Pit,,Dry     ,Fine,green_off,,08:52:50.318,,,,,,,,,,,,
272,7_1,7,#  7 KOB,TOYOTA,0,4,,,,,,,,,,Pit,,Dry     ,Fine,green_off,,08:52:50.417,,,,,,,,,,,,
273,12_1,12,# 12 ATS,HONDA,0,5,,,,,,,,,,Pit,,Dry     ,Fine,green_off,,08:52:50.529,,,,,,,,,,,,
274,14_1,14,# 14 OSH,TOYOTA,0,6,,,,,,,,,,Pit,,Dry     ,Fine,green_off,,08:52:50.611,,,,,,,,,,,,
275,15_1,15,# 15 IWA,HONDA,0,7,,,,,,,,,,Pit,,Dry     ,Fine,green_off,,08:52:50.689,,,,,,,,,,,,
276,20_1,20,# 20 TAK,TOYOTA,0,8,,,,,,,,,,Pit,,Dry     ,Fine,green_off,,08:52:50.800,,,,,,,,,,,,
277,28_1,28,# 28 KOT,TOYOTA,0,9,,,,,,,,,,Pit,,Dry     ,Fine,green_off,,08:52:50.882,,,,,,,,,,,,
278,38_1,38,# 38 SAK,TOYOTA,0,10,,,,,,,,,,Pit,,Dry     ,Fine,green_off,,08:52:50.985,,,,,,,,,,,,
279,64_1,64,# 64 REN,HONDA,0,11,,,,,,,,,,Pit,,Dry     ,Fine,green_off,,08:52:51.093,,,,,,,,,,,,
280,37_1,37,# 37 FEN,TOYOTA,0,1,,,,,,,,,,Pit,,Dry     ,Fine,green_off,,08:52:55.126,,,,,,,,,,,,
281,3_1,3,#  3 KEN,TOYOTA,0,2,,,,,,,,,,Pit,,Dry     ,Fine,green_off,,08:52:55.209,,,,,,,,,,,,
282,5_1,5,#  5 MAK,HONDA,0,3,,,,,,,,,,Pit,,Dry     ,Fine,green_off,,08:52:55.305,,,,,,,,,,,,
283,7_1,7,#  7 KOB,TOYOTA,0,4,,,,,,,,,,Pit,,Dry     ,Fine,green_off,,08:52:55.398,,,,,,,,,,,,
284,12_1,12,# 12 ATS,HONDA,0,5,,,,,,,,,,Pit,,Dry     ,Fine,green_off,,08:52:55.515,,,,,,,,,,,,
285,14_1,14,# 14 OSH,TOYOTA,0,6,,,,,,,,,,Pit,,Dry     ,Fine,green_off,,08:52:55.597,,,,,,,,,,,,
286,15_1,15,# 15 IWA,HONDA,0,7,,,,,,,,,,Pit,,Dry     ,Fine,green_off,,08:52:55.679,,,,,,,,,,,,
287,20_1,20,# 20 TAK,TOYOTA,0,8,,,,,,,,,,Pit,,Dry     ,Fine,green_off,,08:52:55.789,,,,,,,,,,,,
288,28_1,28,# 28 KOT,TOYOTA,0,9,,,,,,,,,,Pit,,Dry     ,Fine,green_off,,08:52:55.864,,,,,,,,,,,,
289,38_1,38,# 38 SAK,TOYOTA,0,10,,,,,,,,,,Pit,,Dry     ,Fine,green_off,,08:52:55.956,,,,,,,,,,,,
290,64_1,64,# 64 REN,HONDA,0,11,,,,,,,,,,Pit,,Dry     ,Fine,green_off,,08:52:56.065,,,,,,,,,,,,
291,37_1,37,# 37 FEN,TOYOTA,0,1,,,,,,,,,,Pit,,Dry     ,Fine,green_off,,08:53:00.270,,,,,,,,,,,,
292,3_1,3,#  3 KEN,TOYOTA,0,2,,,,,,,,,,Pit,,Dry     ,Fine,green_off,,08:53:00.358,,,,,,,,,,,,
293,5_1,5,#  5 MAK,HONDA,0,3,,,,,,,,,,Pit,,Dry     ,Fine,green_off,,08:53:00.471,,,,,,,,,,,,
294,7_1,7,#  7 KOB,TOYOTA,0,4,,,,,,,,,,Pit,,Dry     ,Fine,green_off,,08:53:00.577,,,,,,,,,,,,
295,12_1,12,# 12 ATS,HONDA,0,5,,,,,,,,,,Pit,,Dry     ,Fine,green_off,,08:53:00.697,,,,,,,,,,,,
296,14_1,14,# 14 OSH,TOYOTA,0,6,,,,,,,,,,Pit,,Dry     ,Fine,green_off,,08:53:00.786,,,,,,,,,,,,
297,15_1,15,# 15 IWA,HONDA,0,7,,,,,,,,,,Pit,,Dry     ,Fine,green_off,,08:53:00.876,,,,,,,,,,,,
298,20_1,20,# 20 TAK,TOYOTA,0,8,,,,,,,,,,Pit,,Dry     ,Fine,green_off,,08:53:01.004,,,,,,,,,,,,
299,28_1,28,# 28 KOT,TOYOTA,0,9,,,,,,,,,,Pit,,Dry     ,Fine,green_off,,08:53:01.089,,,,,,,,,,,,
300,38_1,38,# 38 SAK,TOYOTA,0,10,,,,,,,,,,Pit,,Dry     ,Fine,green_off,,08:53:01.199,,,,,,,,,,,,
301,64_1,64,# 64 REN,HONDA,0,11,,,,,,,,,,Pit,,Dry     ,Fine,green_off,,08:53:01.301,,,,,,,,,,,,
302,37_1,37,# 37 FEN,TOYOTA,0,1,,,,,,,,,,Pit,,Dry     ,Fine,green_off,,08:53:05.123,,,,,,,,,,,,
303,3_1,3,#  3 KEN,TOYOTA,0,2,,,,,,,,,,Pit,,Dry     ,Fine,green_off,,08:53:05.209,,,,,,,,,,,,
304,5_1,5,#  5 MAK,HONDA,0,3,,,,,,,,,,Pit,,Dry     ,Fine,green_off,,08:53:05.302,,,,,,,,,,,,
305,7_1,7,#  7 KOB,TOYOTA,0,4,,,,,,,,,,Pit,,Dry     ,Fine,green_off,,08:53:05.391,,,,,,,,,,,,
306,12_1,12,# 12 ATS,HONDA,0,5,,,,,,,,,,Pit,,Dry     ,Fine,green_off,,08:53:05.492,,,,,,,,,,,,
307,14_1,14,# 14 OSH,TOYOTA,0,6,,,,,,,,,,Pit,,Dry     ,Fine,green_off,,08:53:05.564,,,,,,,,,,,,
308,15_1,15,# 15 IWA,HONDA,0,7,,,,,,,,,,Pit,,Dry     ,Fine,green_off,,08:53:05.638,,,,,,,,,,,,
309,20_1,20,# 20 TAK,TOYOTA,0,8,,,,,,,,,,Pit,,Dry     ,Fine,green_off,,08:53:05.749,,,,,,,,,,,,
310,28_1,28,# 28 KOT,TOYOTA,0,9,,,,,,,,,,Pit,,Dry     ,Fine,green_off,,08:53:05.831,,,,,,,,,,,,
311,38_1,38,# 38 SAK,TOYOTA,0,10,,,,,,,,,,Pit,,Dry     ,Fine,green_off,,08:53:05.930,,,,,,,,,,,,
312,64_1,64,# 64 REN,HONDA,0,11,,,,,,,,,,Pit,,Dry     ,Fine,green_off,,08:53:06.045,,,,,,,,,,,,
313,37_1,37,# 37 FEN,TOYOTA,0,1,,,,,,,,,,Pit,,Dry     ,Fine,green_off,,08:53:10.277,,,,,,,,,,,,
314,3_1,3,#  3 KEN,TOYOTA,0,2,,,,,,,,,,Pit,,Dry     ,Fine,green_off,,08:53:10.361,,,,,,,,,,,,
315,5_1,5,#  5 MAK,HONDA,0,3,,,,,,,,,,Pit,,Dry     ,Fine,green_off,,08:53:10.458,,,,,,,,,,,,
316,7_1,7,#  7 KOB,TOYOTA,0,4,,,,,,,,,,Pit,,Dry     ,Fine,green_off,,08:53:10.555,,,,,,,,,,,,
317,12_1,12,# 12 ATS,HONDA,0,5,,,,,,,,,,Pit,,Dry     ,Fine,green_off,,08:53:10.671,,,,,,,,,,,,
318,14_1,14,# 14 OSH,TOYOTA,0,6,,,,,,,,,,Pit,,Dry     ,Fine,green_off,,08:53:10.745,,,,,,,,,,,,
319,15_1,15,# 15 IWA,HONDA,0,7,,,,,,,,,,Pit,,Dry     ,Fine,green_off,,08:53:10.819,,,,,,,,,,,,
320,20_1,20,# 20 TAK,TOYOTA,0,8,,,,,,,,,,Pit,,Dry     ,Fine,green_off,,08:53:10.922,,,,,,,,,,,,
321,28_1,28,# 28 KOT,TOYOTA,0,9,,,,,,,,,,Pit,,Dry     ,Fine,green_off,,08:53:10.995,,,,,,,,,,,,
322,38_1,38,# 38 SAK,TOYOTA,0,10,,,,,,,,,,Pit,,Dry     ,Fine,green_off,,08:53:11.089,,,,,,,,,,,,
323,64_1,64,# 64 REN,HONDA,0,11,,,,,,,,,,Pit,,Dry     ,Fine,green_off,,08:53:11.191,,,,,,,,,,,,
324,37_1,37,# 37 FEN,TOYOTA,0,1,,,,,,,,,,Pit,,Dry     ,Fine,green_off,,08:53:15.189,,,,,,,,,,,,
325,3_1,3,#  3 KEN,TOYOTA,0,2,,,,,,,,,,Pit,,Dry     ,Fine,green_off,,08:53:15.283,,,,,,,,,,,,
326,5_1,5,#  5 MAK,HONDA,0,3,,,,,,,,,,Pit,,Dry     ,Fine,green_off,,08:53:15.391,,,,,,,,,,,,
327,7_1,7,#  7 KOB,TOYOTA,0,4,,,,,,,,,,Pit,,Dry     ,Fine,green_off,,08:53:15.499,,,,,,,,,,,,
328,12_1,12,# 12 ATS,HONDA,0,5,,,,,,,,,,Pit,,Dry     ,Fine,green_off,,08:53:15.627,,,,,,,,,,,,
329,14_1,14,# 14 OSH,TOYOTA,0,6,,,,,,,,,,Pit,,Dry     ,Fine,green_off,,08:53:15.716,,,,,,,,,,,,
330,15_1,15,# 15 IWA,HONDA,0,7,,,,,,,,,,Pit,,Dry     ,Fine,green_off,,08:53:15.799,,,,,,,,,,,,
331,20_1,20,# 20 TAK,TOYOTA,0,8,,,,,,,,,,Pit,,Dry     ,Fine,green_off,,08:53:15.914,,,,,,,,,,,,
332,28_1,28,# 28 KOT,TOYOTA,0,9,,,,,,,,,,Pit,,Dry     ,Fine,green_off,,08:53:15.998,,,,,,,,,,,,
333,38_1,38,# 38 SAK,TOYOTA,0,10,,,,,,,,,,Pit,,Dry     ,Fine,green_off,,08:53:16.096,,,,,,,,,,,,
334,64_1,64,# 64 REN,HONDA,0,11,,,,,,,,,,Pit,,Dry     ,Fine,green_off,,08:53:16.214,,,,,,,,,,,,
335,37_1,37,# 37 FEN,TOYOTA,0,1,,,,,,,,,,Pit,,Dry     ,Fine,green_off,,08:53:20.248,,,,,,,,,,,,
336,3_1,3,#  3 KEN,TOYOTA,0,2,,,,,,,,,,Pit,,Dry     ,Fine,green_off,,08:53:20.329,,,,,,,,,,,,
337,5_1,5,#  5 MAK,HONDA,0,3,,,,,,,,,,Pit,,Dry     ,Fine,green_off,,08:53:20.418,,,,,,,,,,,,
338,7_1,7,#  7 KOB,TOYOTA,0,4,,,,,,,,,,Pit,,Dry     ,Fine,green_off,,08:53:20.506,,,,,,,,,,,,
339,12_1,12,# 12 ATS,HONDA,0,5,,,,,,,,,,Pit,,Dry     ,Fine,green_off,,08:53:20.605,,,,,,,,,,,,
340,14_1,14,# 14 OSH,TOYOTA,0,6,,,,,,,,,,Pit,,Dry     ,Fine,green_off,,08:53:20.681,,,,,,,,,,,,
341,15_1,15,# 15 IWA,HONDA,0,7,,,,,,,,,,Pit,,Dry     ,Fine,green_off,,08:53:20.760,,,,,,,,,,,,
342,20_1,20,# 20 TAK,TOYOTA,0,8,,,,,,,,,,Pit,,Dry     ,Fine,green_off,,08:53:20.869,,,,,,,,,,,,
343,28_1,28,# 28 KOT,TOYOTA,0,9,,,,,,,,,,Pit,,Dry     ,Fine,green_off,,08:53:20.948,,,,,,,,,,,,
344,38_1,38,# 38 SAK,TOYOTA,0,10,,,,,,,,,,Pit,,Dry     ,Fine,green_off,,08:53:21.047,,,,,,,,,,,,
345,64_1,64,# 64 REN,HONDA,0,11,,,,,,,,,,Pit,,Dry     ,Fine,green_off,,08:53:21.162,,,,,,,,,,,,
346,37_1,37,# 37 FEN,TOYOTA,0,1,,,,,,,,,,Pit,,Dry     ,Fine,green_off,,08:53:25.182,,,,,,,,,,,,
347,3_1,3,#  3 KEN,TOYOTA,0,2,,,,,,,,,,Pit,,Dry     ,Fine,green_off,,08:53:25.262,,,,,,,,,,,,
348,5_1,5,#  5 MAK,HONDA,0,3,,,,,,,,,,Pit,,Dry     ,Fine,green_off,,08:53:25.349,,,,,,,,,,,,
349,7_1,7,#  7 KOB,TOYOTA,0,4,,,,,,,,,,Pit,,Dry     ,Fine,green_off,,08:53:25.435,,,,,,,,,,,,
350,12_1,12,# 12 ATS,HONDA,0,5,,,,,,,,,,Pit,,Dry     ,Fine,green_off,,08:53:25.541,,,,,,,,,,,,
351,14_1,14,# 14 OSH,TOYOTA,0,6,,,,,,,,,,Pit,,Dry     ,Fine,green_off,,08:53:25.621,,,,,,,,,,,,
352,15_1,15,# 15 IWA,HONDA,0,7,,,,,,,,,,Pit,,Dry     ,Fine,green_off,,08:53:25.702,,,,,,,,,,,,
353,20_1,20,# 20 TAK,TOYOTA,0,8,,,,,,,,,,Pit,,Dry     ,Fine,green_off,,08:53:25.816,,,,,,,,,,,,
354,28_1,28,# 28 KOT,TOYOTA,0,9,,,,,,,,,,Pit,,Dry     ,Fine,green_off,,08:53:25.902,,,,,,,,,,,,
355,38_1,38,# 38 SAK,TOYOTA,0,10,,,,,,,,,,Pit,,Dry     ,Fine,green_off,,08:53:25.999,,,,,,,,,,,,
356,64_1,64,# 64 REN,HONDA,0,11,,,,,,,,,,Pit,,Dry     ,Fine,green_off,,08:53:26.115,,,,,,,,,,,,
357,37_1,37,# 37 FEN,TOYOTA,0,1,,,,,,,,,,Pit,,Dry     ,Fine,green_off,,08:53:30.134,,,,,,,,,,,,
358,3_1,3,#  3 KEN,TOYOTA,0,2,,,,,,,,,,Pit,,Dry     ,Fine,green_off,,08:53:30.208,,,,,,,,,,,,
359,5_1,5,#  5 MAK,HONDA,0,3,,,,,,,,,,Pit,,Dry     ,Fine,green_off,,08:53:30.295,,,,,,,,,,,,
360,7_1,7,#  7 KOB,TOYOTA,0,4,,,,,,,,,,Pit,,Dry     ,Fine,green_off,,08:53:30.389,,,,,,,,,,,,
361,12_1,12,# 12 ATS,HONDA,0,5,,,,,,,,,,Pit,,Dry     ,Fine,green_off,,08:53:30.502,,,,,,,,,,,,
362,14_1,14,# 14 OSH,TOYOTA,0,6,,,,,,,,,,Pit,,Dry     ,Fine,green_off,,08:53:30.585,,,,,,,,,,,,
363,15_1,15,# 15 IWA,HONDA,0,7,,,,,,,,,,Pit,,Dry     ,Fine,green_off,,08:53:30.666,,,,,,,,,,,,
364,20_1,20,# 20 TAK,TOYOTA,0,8,,,,,,,,,,Pit,,Dry     ,Fine,green_off,,08:53:30.783,,,,,,,,,,,,
365,28_1,28,# 28 KOT,TOYOTA,0,9,,,,,,,,,,Pit,,Dry     ,Fine,green_off,,08:53:30.864,,,,,,,,,,,,
366,38_1,38,# 38 SAK,TOYOTA,0,10,,,,,,,,,,Pit,,Dry     ,Fine,green_off,,08:53:30.966,,,,,,,,,,,,
367,64_1,64,# 64 REN,HONDA,0,11,,,,,,,,,,Pit,,Dry     ,Fine,green_off,,08:53:31.081,,,,,,,,,,,,
368,37_1,37,# 37 FEN,TOYOTA,0,1,,,,,,,,,,Pit,,Dry     ,Fine,green_off,,08:53:35.315,,,,,,,,,,,,
369,3_1,3,#  3 KEN,TOYOTA,0,2,,,,,,,,,,Pit,,Dry     ,Fine,green_off,,08:53:35.398,,,,,,,,,,,,
370,5_1,5,#  5 MAK,HONDA,0,3,,,,,,,,,,Pit,,Dry     ,Fine,green_off,,08:53:35.497,,,,,,,,,,,,
371,7_1,7,#  7 KOB,TOYOTA,0,4,,,,,,,,,,Pit,,Dry     ,Fine,green_off,,08:53:35.592,,,,,,,,,,,,
372,12_1,12,# 12 ATS,HONDA,0,5,,,,,,,,,,Pit,,Dry     ,Fine,green_off,,08:53:35.707,,,,,,,,,,,,
373,14_1,14,# 14 OSH,TOYOTA,0,6,,,,,,,,,,Pit,,Dry     ,Fine,green_off,,08:53:35.785,,,,,,,,,,,,
374,15_1,15,# 15 IWA,HONDA,0,7,,,,,,,,,,Pit,,Dry     ,Fine,green_off,,08:53:35.859,,,,,,,,,,,,
375,20_1,20,# 20 TAK,TOYOTA,0,8,,,,,,,,,,Pit,,Dry     ,Fine,green_off,,08:53:35.960,,,,,,,,,,,,
376,28_1,28,# 28 KOT,TOYOTA,0,9,,,,,,,,,,Pit,,Dry     ,Fine,green_off,,08:53:36.033,,,,,,,,,,,,
377,38_1,38,# 38 SAK,TOYOTA,0,10,,,,,,,,,,Pit,,Dry     ,Fine,green_off,,08:53:36.125,,,,,,,,,,,,
378,64_1,64,# 64 REN,HONDA,0,11,,,,,,,,,,Pit,,Dry     ,Fine,green_off,,08:53:36.240,,,,,,,,,,,,
379,37_1,37,# 37 FEN,TOYOTA,0,1,,,,,,,,,,Pit,,Dry     ,Fine,green_off,,08:53:40.271,,,,,,,,,,,,
380,3_1,3,#  3 KEN,TOYOTA,0,2,,,,,,,,,,Pit,,Dry     ,Fine,green_off,,08:53:40.353,,,,,,,,,,,,
381,5_1,5,#  5 MAK,HONDA,0,3,,,,,,,,,,Pit,,Dry     ,Fine,green_off,,08:53:40.453,,,,,,,,,,,,
382,7_1,7,#  7 KOB,TOYOTA,0,4,,,,,,,,,,Pit,,Dry     ,Fine,green_off,,08:53:40.552,,,,,,,,,,,,
383,12_1,12,# 12 ATS,HONDA,0,5,,,,,,,,,,Pit,,Dry     ,Fine,green_off,,08:53:40.671,,,,,,,,,,,,
384,14_1,14,# 14 OSH,TOYOTA,0,6,,,,,,,,,,Pit,,Dry     ,Fine,green_off,,08:53:40.752,,,,,,,,,,,,
385,15_1,15,# 15 IWA,HONDA,0,7,,,,,,,,,,Pit,,Dry     ,Fine,green_off,,08:53:40.833,,,,,,,,,,,,
386,20_1,20,# 20 TAK,TOYOTA,0,8,,,,,,,,,,Pit,,Dry     ,Fine,green_off,,08:53:40.952,,,,,,,,,,,,
387,28_1,28,# 28 KOT,TOYOTA,0,9,,,,,,,,,,Pit,,Dry     ,Fine,green_off,,08:53:41.034,,,,,,,,,,,,
388,38_1,38,# 38 SAK,TOYOTA,0,10,,,,,,,,,,Pit,,Dry     ,Fine,green_off,,08:53:41.129,,,,,,,,,,,,
389,64_1,64,# 64 REN,HONDA,0,11,,,,,,,,,,Pit,,Dry     ,Fine,green_off,,08:53:41.234,,,,,,,,,,,,
390,37_1,37,# 37 FEN,TOYOTA,0,1,,,,,,,,,,Pit,,Dry     ,Fine,green_off,,08:53:45.257,,,,,,,,,,,,
391,3_1,3,#  3 KEN,TOYOTA,0,2,,,,,,,,,,Pit,,Dry     ,Fine,green_off,,08:53:45.341,,,,,,,,,,,,
392,5_1,5,#  5 MAK,HONDA,0,3,,,,,,,,,,Pit,,Dry     ,Fine,green_off,,08:53:45.442,,,,,,,,,,,,
393,7_1,7,#  7 KOB,TOYOTA,0,4,,,,,,,,,,Pit,,Dry     ,Fine,green_off,,08:53:45.538,,,,,,,,,,,,
394,12_1,12,# 12 ATS,HONDA,0,5,,,,,,,,,,Pit,,Dry     ,Fine,green_off,,08:53:45.653,,,,,,,,,,,,
395,14_1,14,# 14 OSH,TOYOTA,0,6,,,,,,,,,,Pit,,Dry     ,Fine,green_off,,08:53:45.733,,,,,,,,,,,,
396,15_1,15,# 15 IWA,HONDA,0,7,,,,,,,,,,Pit,,Dry     ,Fine,green_off,,08:53:45.815,,,,,,,,,,,,
397,20_1,20,# 20 TAK,TOYOTA,0,8,,,,,,,,,,Pit,,Dry     ,Fine,green_off,,08:53:45.929,,,,,,,,,,,,
398,28_1,28,# 28 KOT,TOYOTA,0,9,,,,,,,,,,Pit,,Dry     ,Fine,green_off,,08:53:46.017,,,,,,,,,,,,
399,38_1,38,# 38 SAK,TOYOTA,0,10,,,,,,,,,,Pit,,Dry     ,Fine,green_off,,08:53:46.114,,,,,,,,,,,,
400,64_1,64,# 64 REN,HONDA,0,11,,,,,,,,,,Pit,,Dry     ,Fine,green_off,,08:53:46.232,,,,,,,,,,,,
401,37_1,37,# 37 FEN,TOYOTA,0,1,,,,,,,,,,Pit,,Dry     ,Fine,green_off,,08:53:50.239,,,,,,,,,,,,
402,3_1,3,#  3 KEN,TOYOTA,0,2,,,,,,,,,,Pit,,Dry     ,Fine,green_off,,08:53:50.318,,,,,,,,,,,,
403,5_1,5,#  5 MAK,HONDA,0,3,,,,,,,,,,Pit,,Dry     ,Fine,green_off,,08:53:50.407,,,,,,,,,,,,
404,7_1,7,#  7 KOB,TOYOTA,0,4,,,,,,,,,,Pit,,Dry     ,Fine,green_off,,08:53:50.499,,,,,,,,,,,,
405,12_1,12,# 12 ATS,HONDA,0,5,,,,,,,,,,Pit,,Dry     ,Fine,green_off,,08:53:50.600,,,,,,,,,,,,
406,14_1,14,# 14 OSH,TOYOTA,0,6,,,,,,,,,,Pit,,Dry     ,Fine,green_off,,08:53:50.674,,,,,,,,,,,,
407,15_1,15,# 15 IWA,HONDA,0,7,,,,,,,,,,Pit,,Dry     ,Fine,green_off,,08:53:50.749,,,,,,,,,,,,
408,20_1,20,# 20 TAK,TOYOTA,0,8,,,,,,,,,,Pit,,Dry     ,Fine,green_off,,08:53:50.857,,,,,,,,,,,,
409,28_1,28,# 28 KOT,TOYOTA,0,9,,,,,,,,,,Pit,,Dry     ,Fine,green_off,,08:53:50.938,,,,,,,,,,,,
410,38_1,38,# 38 SAK,TOYOTA,0,10,,,,,,,,,,Pit,,Dry     ,Fine,green_off,,08:53:51.035,,,,,,,,,,,,
411,64_1,64,# 64 REN,HONDA,0,11,,,,,,,,,,Pit,,Dry     ,Fine,green_off,,08:53:51.155,,,,,,,,,,,,
412,37_1,37,# 37 FEN,TOYOTA,0,1,,,,,,,,,,Pit,,Dry     ,Fine,green_off,,08:53:55.184,,,,,,,,,,,,
413,3_1,3,#  3 KEN,TOYOTA,0,2,,,,,,,,,,Pit,,Dry     ,Fine,green_off,,08:53:55.266,,,,,,,,,,,,
414,5_1,5,#  5 MAK,HONDA,0,3,,,,,,,,,,Pit,,Dry     ,Fine,green_off,,08:53:55.366,,,,,,,,,,,,
415,7_1,7,#  7 KOB,TOYOTA,0,4,,,,,,,,,,Pit,,Dry     ,Fine,green_off,,08:53:55.464,,,,,,,,,,,,
416,12_1,12,# 12 ATS,HONDA,0,5,,,,,,,,,,Pit,,Dry     ,Fine,green_off,,08:53:55.570,,,,,,,,,,,,
417,14_1,14,# 14 OSH,TOYOTA,0,6,,,,,,,,,,Pit,,Dry     ,Fine,green_off,,08:53:55.651,,,,,,,,,,,,
418,15_1,15,# 15 IWA,HONDA,0,7,,,,,,,,,,Pit,,Dry     ,Fine,green_off,,08:53:55.722,,,,,,,,,,,,
419,20_1,20,# 20 TAK,TOYOTA,0,8,,,,,,,,,,Pit,,Dry     ,Fine,green_off,,08:53:55.824,,,,,,,,,,,,
420,28_1,28,# 28 KOT,TOYOTA,0,9,,,,,,,,,,Pit,,Dry     ,Fine,green_off,,08:53:55.900,,,,,,,,,,,,
421,38_1,38,# 38 SAK,TOYOTA,0,10,,,,,,,,,,Pit,,Dry     ,Fine,green_off,,08:53:56.000,,,,,,,,,,,,
422,64_1,64,# 64 REN,HONDA,0,11,,,,,,,,,,Pit,,Dry     ,Fine,green_off,,08:53:56.112,,,,,,,,,,,,
423,37_1,37,# 37 FEN,TOYOTA,0,1,,,,,,,,,,Pit,,Dry     ,Fine,green_off,,08:54:00.126,,,,,,,,,,,,
424,3_1,3,#  3 KEN,TOYOTA,0,2,,,,,,,,,,Pit,,Dry     ,Fine,green_off,,08:54:00.212,,,,,,,,,,,,
425,5_1,5,#  5 MAK,HONDA,0,3,,,,,,,,,,Pit,,Dry     ,Fine,green_off,,08:54:00.315,,,,,,,,,,,,
426,7_1,7,#  7 KOB,TOYOTA,0,4,,,,,,,,,,Pit,,Dry     ,Fine,green_off,,08:54:00.420,,,,,,,,,,,,
427,12_1,12,# 12 ATS,HONDA,0,5,,,,,,,,,,Pit,,Dry     ,Fine,green_off,,08:54:00.545,,,,,,,,,,,,
428,14_1,14,# 14 OSH,TOYOTA,0,6,,,,,,,,,,Pit,,Dry     ,Fine,green_off,,08:54:00.640,,,,,,,,,,,,
429,15_1,15,# 15 IWA,HONDA,0,7,,,,,,,,,,Pit,,Dry     ,Fine,green_off,,08:54:00.732,,,,,,,,,,,,
430,20_1,20,# 20 TAK,TOYOTA,0,8,,,,,,,,,,Pit,,Dry     ,Fine,green_off,,08:54:00.862,,,,,,,,,,,,
431,28_1,28,# 28 KOT,TOYOTA,0,9,,,,,,,,,,Pit,,Dry     ,Fine,green_off,,08:54:00.950,,,,,,,,,,,,
432,38_1,38,# 38 SAK,TOYOTA,0,10,,,,,,,,,,Pit,,Dry     ,Fine,green_off,,08:54:01.051,,,,,,,,,,,,
433,64_1,64,# 64 REN,HONDA,0,11,,,,,,,,,,Pit,,Dry     ,Fine,green_off,,08:54:01.157,,,,,,,,,,,,
434,37_1,37,# 37 FEN,TOYOTA,0,1,,,,,,,,,,Pit,,Dry     ,Fine,green_off,,08:54:05.161,,,,,,,,,,,,
435,3_1,3,#  3 KEN,TOYOTA,0,2,,,,,,,,,,Pit,,Dry     ,Fine,green_off,,08:54:05.243,,,,,,,,,,,,
436,5_1,5,#  5 MAK,HONDA,0,3,,,,,,,,,,Pit,,Dry     ,Fine,green_off,,08:54:05.339,,,,,,,,,,,,
437,7_1,7,#  7 KOB,TOYOTA,0,4,,,,,,,,,,Pit,,Dry     ,Fine,green_off,,08:54:05.434,,,,,,,,,,,,
438,12_1,12,# 12 ATS,HONDA,0,5,,,,,,,,,,Pit,,Dry     ,Fine,green_off,,08:54:05.548,,,,,,,,,,,,
439,14_1,14,# 14 OSH,TOYOTA,0,6,,,,,,,,,,Pit,,Dry     ,Fine,green_off,,08:54:05.629,,,,,,,,,,,,
440,15_1,15,# 15 IWA,HONDA,0,7,,,,,,,,,,Pit,,Dry     ,Fine,green_off,,08:54:05.711,,,,,,,,,,,,
441,20_1,20,# 20 TAK,TOYOTA,0,8,,,,,,,,,,Pit,,Dry     ,Fine,green_off,,08:54:05.826,,,,,,,,,,,,
442,28_1,28,# 28 KOT,TOYOTA,0,9,,,,,,,,,,Pit,,Dry     ,Fine,green_off,,08:54:05.908,,,,,,,,,,,,
443,38_1,38,# 38 SAK,TOYOTA,0,10,,,,,,,,,,Pit,,Dry     ,Fine,green_off,,08:54:06.010,,,,,,,,,,,,
444,64_1,64,# 64 REN,HONDA,0,11,,,,,,,,,,Pit,,Dry     ,Fine,green_off,,08:54:06.128,,,,,,,,,,,,
445,37_1,37,# 37 FEN,TOYOTA,0,1,,,,,,,,,,Pit,,Dry     ,Fine,green_off,,08:54:10.135,,,,,,,,,,,,
446,3_1,3,#  3 KEN,TOYOTA,0,2,,,,,,,,,,Pit,,Dry     ,Fine,green_off,,08:54:10.210,,,,,,,,,,,,
447,5_1,5,#  5 MAK,HONDA,0,3,,,,,,,,,,Pit,,Dry     ,Fine,green_off,,08:54:10.299,,,,,,,,,,,,
448,7_1,7,#  7 KOB,TOYOTA,0,4,,,,,,,,,,Pit,,Dry     ,Fine,green_off,,08:54:10.387,,,,,,,,,,,,
449,12_1,12,# 12 ATS,HONDA,0,5,,,,,,,,,,Pit,,Dry     ,Fine,green_off,,08:54:10.499,,,,,,,,,,,,
450,14_1,14,# 14 OSH,TOYOTA,0,6,,,,,,,,,,Pit,,Dry     ,Fine,green_off,,08:54:10.580,,,,,,,,,,,,
451,15_1,15,# 15 IWA,HONDA,0,7,,,,,,,,,,Pit,,Dry     ,Fine,green_off,,08:54:10.662,,,,,,,,,,,,
452,20_1,20,# 20 TAK,TOYOTA,0,8,,,,,,,,,,Pit,,Dry     ,Fine,green_off,,08:54:10.777,,,,,,,,,,,,
453,28_1,28,# 28 KOT,TOYOTA,0,9,,,,,,,,,,Pit,,Dry     ,Fine,green_off,,08:54:10.858,,,,,,,,,,,,
454,38_1,38,# 38 SAK,TOYOTA,0,10,,,,,,,,,,Pit,,Dry     ,Fine,green_off,,08:54:10.959,,,,,,,,,,,,
455,64_1,64,# 64 REN,HONDA,0,11,,,,,,,,,,Pit,,Dry     ,Fine,green_off,,08:54:11.078,,,,,,,,,,,,
456,37_1,37,# 37 FEN,TOYOTA,0,1,,,,,,,,,,Pit,,Dry     ,Fine,green_off,,08:54:15.284,,,,,,,,,,,,
457,3_1,3,#  3 KEN,TOYOTA,0,2,,,,,,,,,,Pit,,Dry     ,Fine,green_off,,08:54:15.364,,,,,,,,,,,,
458,5_1,5,#  5 MAK,HONDA,0,3,,,,,,,,,,Pit,,Dry     ,Fine,green_off,,08:54:15.453,,,,,,,,,,,,
459,7_1,7,#  7 KOB,TOYOTA,0,4,,,,,,,,,,Pit,,Dry     ,Fine,green_off,,08:54:15.542,,,,,,,,,,,,
460,12_1,12,# 12 ATS,HONDA,0,5,,,,,,,,,,Pit,,Dry     ,Fine,green_off,,08:54:15.645,,,,,,,,,,,,
461,14_1,14,# 14 OSH,TOYOTA,0,6,,,,,,,,,,Pit,,Dry     ,Fine,green_off,,08:54:15.720,,,,,,,,,,,,
462,15_1,15,# 15 IWA,HONDA,0,7,,,,,,,,,,Pit,,Dry     ,Fine,green_off,,08:54:15.799,,,,,,,,,,,,
463,20_1,20,# 20 TAK,TOYOTA,0,8,,,,,,,,,,Pit,,Dry     ,Fine,green_off,,08:54:15.914,,,,,,,,,,,,
464,28_1,28,# 28 KOT,TOYOTA,0,9,,,,,,,,,,Pit,,Dry     ,Fine,green_off,,08:54:15.993,,,,,,,,,,,,
465,38_1,38,# 38 SAK,TOYOTA,0,10,,,,,,,,,,Pit,,Dry     ,Fine,green_off,,08:54:16.082,,,,,,,,,,,,
466,64_1,64,# 64 REN,HONDA,0,11,,,,,,,,,,Pit,,Dry     ,Fine,green_off,,08:54:16.186,,,,,,,,,,,,
467,37_1,37,# 37 FEN,TOYOTA,0,1,,,,,,,,,,Pit,,Dry     ,Fine,green_off,,08:54:20.202,,,,,,,,,,,,
468,3_1,3,#  3 KEN,TOYOTA,0,2,,,,,,,,,,Pit,,Dry     ,Fine,green_off,,08:54:20.304,,,,,,,,,,,,
469,5_1,5,#  5 MAK,HONDA,0,3,,,,,,,,,,Pit,,Dry     ,Fine,green_off,,08:54:20.419,,,,,,,,,,,,
470,7_1,7,#  7 KOB,TOYOTA,0,4,,,,,,,,,,Pit,,Dry     ,Fine,green_off,,08:54:20.526,,,,,,,,,,,,
471,12_1,12,# 12 ATS,HONDA,0,5,,,,,,,,,,Pit,,Dry     ,Fine,green_off,,08:54:20.654,,,,,,,,,,,,
472,14_1,14,# 14 OSH,TOYOTA,0,6,,,,,,,,,,Pit,,Dry     ,Fine,green_off,,08:54:20.745,,,,,,,,,,,,
473,15_1,15,# 15 IWA,HONDA,0,7,,,,,,,,,,Pit,,Dry     ,Fine,green_off,,08:54:20.824,,,,,,,,,,,,
474,20_1,20,# 20 TAK,TOYOTA,0,8,,,,,,,,,,Pit,,Dry     ,Fine,green_off,,08:54:20.941,,,,,,,,,,,,
475,28_1,28,# 28 KOT,TOYOTA,0,9,,,,,,,,,,Pit,,Dry     ,Fine,green_off,,08:54:21.024,,,,,,,,,,,,
476,38_1,38,# 38 SAK,TOYOTA,0,10,,,,,,,,,,Pit,,Dry     ,Fine,green_off,,08:54:21.121,,,,,,,,,,,,
477,64_1,64,# 64 REN,HONDA,0,11,,,,,,,,,,Pit,,Dry     ,Fine,green_off,,08:54:21.238,,,,,,,,,,,,
478,37_1,37,# 37 FEN,TOYOTA,0,1,,,,,,,,,,Pit,,Dry     ,Fine,green_off,,08:54:25.280,,,,,,,,,,,,
479,3_1,3,#  3 KEN,TOYOTA,0,2,,,,,,,,,,Pit,,Dry     ,Fine,green_off,,08:54:25.366,,,,,,,,,,,,
480,5_1,5,#  5 MAK,HONDA,0,3,,,,,,,,,,Pit,,Dry     ,Fine,green_off,,08:54:25.466,,,,,,,,,,,,
481,7_1,7,#  7 KOB,TOYOTA,0,4,,,,,,,,,,Pit,,Dry     ,Fine,green_off,,08:54:25.559,,,,,,,,,,,,
482,12_1,12,# 12 ATS,HONDA,0,5,,,,,,,,,,Pit,,Dry     ,Fine,green_off,,08:54:25.662,,,,,,,,,,,,
483,14_1,14,# 14 OSH,TOYOTA,0,6,,,,,,,,,,Pit,,Dry     ,Fine,green_off,,08:54:25.735,,,,,,,,,,,,
484,15_1,15,# 15 IWA,HONDA,0,7,,,,,,,,,,Pit,,Dry     ,Fine,green_off,,08:54:25.806,,,,,,,,,,,,
485,20_1,20,# 20 TAK,TOYOTA,0,8,,,,,,,,,,Pit,,Dry     ,Fine,green_off,,08:54:25.907,,,,,,,,,,,,
486,28_1,28,# 28 KOT,TOYOTA,0,9,,,,,,,,,,Pit,,Dry     ,Fine,green_off,,08:54:25.985,,,,,,,,,,,,
487,38_1,38,# 38 SAK,TOYOTA,0,10,,,,,,,,,,Pit,,Dry     ,Fine,green_off,,08:54:26.088,,,,,,,,,,,,
488,64_1,64,# 64 REN,HONDA,0,11,,,,,,,,,,Pit,,Dry     ,Fine,green_off,,08:54:26.196,,,,,,,,,,,,
489,37_1,37,# 37 FEN,TOYOTA,0,1,,,,,,,,,,Pit,,Dry     ,Fine,green_off,,08:54:30.220,,,,,,,,,,,,
490,3_1,3,#  3 KEN,TOYOTA,0,2,,,,,,,,,,Pit,,Dry     ,Fine,green_off,,08:54:30.302,,,,,,,,,,,,
491,5_1,5,#  5 MAK,HONDA,0,3,,,,,,,,,,Pit,,Dry     ,Fine,green_off,,08:54:30.401,,,,,,,,,,,,
492,7_1,7,#  7 KOB,TOYOTA,0,4,,,,,,,,,,Pit,,Dry     ,Fine,green_off,,08:54:30.499,,,,,,,,,,,,
493,12_1,12,# 12 ATS,HONDA,0,5,,,,,,,,,,Pit,,Dry     ,Fine,green_off,,08:54:30.619,,,,,,,,,,,,
494,14_1,14,# 14 OSH,TOYOTA,0,6,,,,,,,,,,Pit,,Dry     ,Fine,green_off,,08:54:30.702,,,,,,,,,,,,
495,15_1,15,# 15 IWA,HONDA,0,7,,,,,,,,,,Pit,,Dry     ,Fine,green_off,,08:54:30.783,,,,,,,,,,,,
496,20_1,20,# 20 TAK,TOYOTA,0,8,,,,,,,,,,Pit,,Dry     ,Fine,green_off,,08:54:30.897,,,,,,,,,,,,
497,28_1,28,# 28 KOT,TOYOTA,0,9,,,,,,,,,,Pit,,Dry     ,Fine,green_off,,08:54:30.974,,,,,,,,,,,,
498,38_1,38,# 38 SAK,TOYOTA,0,10,,,,,,,,,,Pit,,Dry     ,Fine,green_off,,08:54:31.065,,,,,,,,,,,,
499,64_1,64,# 64 REN,HONDA,0,11,,,,,,,,,,Pit,,Dry     ,Fine,green_off,,08:54:31.172,,,,,,,,,,,,
500,37_1,37,# 37 FEN,TOYOTA,0,1,,,,,,,,,,Pit,,Dry     ,Fine,green_off,,08:54:35.203,,,,,,,,,,,,
501,3_1,3,#  3 KEN,TOYOTA,0,2,,,,,,,,,,Pit,,Dry     ,Fine,green_off,,08:54:35.281,,,,,,,,,,,,
502,5_1,5,#  5 MAK,HONDA,0,3,,,,,,,,,,Pit,,Dry     ,Fine,green_off,,08:54:35.383,,,,,,,,,,,,
503,7_1,7,#  7 KOB,TOYOTA,0,4,,,,,,,,,,Pit,,Dry     ,Fine,green_off,,08:54:35.483,,,,,,,,,,,,
504,12_1,12,# 12 ATS,HONDA,0,5,,,,,,,,,,Pit,,Dry     ,Fine,green_off,,08:54:35.597,,,,,,,,,,,,
505,14_1,14,# 14 OSH,TOYOTA,0,6,,,,,,,,,,Pit,,Dry     ,Fine,green_off,,08:54:35.680,,,,,,,,,,,,
506,15_1,15,# 15 IWA,HONDA,0,7,,,,,,,,,,Pit,,Dry     ,Fine,green_off,,08:54:35.766,,,,,,,,,,,,
507,20_1,20,# 20 TAK,TOYOTA,0,8,,,,,,,,,,Pit,,Dry     ,Fine,green_off,,08:54:35.880,,,,,,,,,,,,
508,28_1,28,# 28 KOT,TOYOTA,0,9,,,,,,,,,,Pit,,Dry     ,Fine,green_off,,08:54:35.962,,,,,,,,,,,,
509,38_1,38,# 38 SAK,TOYOTA,0,10,,,,,,,,,,Pit,,Dry     ,Fine,green_off,,08:54:36.053,,,,,,,,,,,,
510,64_1,64,# 64 REN,HONDA,0,11,,,,,,,,,,Pit,,Dry     ,Fine,green_off,,08:54:36.161,,,,,,,,,,,,
511,37_1,37,# 37 FEN,TOYOTA,0,1,,,,,,,,,,Pit,,Dry     ,Fine,green_off,,08:54:40.169,,,,,,,,,,,,
512,3_1,3,#  3 KEN,TOYOTA,0,2,,,,,,,,,,Pit,,Dry     ,Fine,green_off,,08:54:40.257,,,,,,,,,,,,
513,5_1,5,#  5 MAK,HONDA,0,3,,,,,,,,,,Pit,,Dry     ,Fine,green_off,,08:54:40.354,,,,,,,,,,,,
514,7_1,7,#  7 KOB,TOYOTA,0,4,,,,,,,,,,Pit,,Dry     ,Fine,green_off,,08:54:40.454,,,,,,,,,,,,
515,12_1,12,# 12 ATS,HONDA,0,5,,,,,,,,,,Pit,,Dry     ,Fine,green_off,,08:54:40.569,,,,,,,,,,,,
516,14_1,14,# 14 OSH,TOYOTA,0,6,,,,,,,,,,Pit,,Dry     ,Fine,green_off,,08:54:40.650,,,,,,,,,,,,
517,15_1,15,# 15 IWA,HONDA,0,7,,,,,,,,,,Pit,,Dry     ,Fine,green_off,,08:54:40.725,,,,,,,,,,,,
518,20_1,20,# 20 TAK,TOYOTA,0,8,,,,,,,,,,Pit,,Dry     ,Fine,green_off,,08:54:40.829,,,,,,,,,,,,
519,28_1,28,# 28 KOT,TOYOTA,0,9,,,,,,,,,,Pit,,Dry     ,Fine,green_off,,08:54:40.904,,,,,,,,,,,,
520,38_1,38,# 38 SAK,TOYOTA,0,10,,,,,,,,,,Pit,,Dry     ,Fine,green_off,,08:54:40.997,,,,,,,,,,,,
521,64_1,64,# 64 REN,HONDA,0,11,,,,,,,,,,Pit,,Dry     ,Fine,green_off,,08:54:41.110,,,,,,,,,,,,
522,37_1,37,# 37 FEN,TOYOTA,0,1,,,,,,,,,,Pit,,Dry     ,Fine,green_off,,08:54:45.141,,,,,,,,,,,,
523,3_1,3,#  3 KEN,TOYOTA,0,2,,,,,,,,,,Pit,,Dry     ,Fine,green_off,,08:54:45.221,,,,,,,,,,,,
524,5_1,5,#  5 MAK,HONDA,0,3,,,,,,,,,,Pit,,Dry     ,Fine,green_off,,08:54:45.334,,,,,,,,,,,,
525,7_1,7,#  7 KOB,TOYOTA,0,4,,,,,,,,,,Pit,,Dry     ,Fine,green_off,,08:54:45.454,,,,,,,,,,,,
526,12_1,12,# 12 ATS,HONDA,0,5,,,,,,,,,,Pit,,Dry     ,Fine,green_off,,08:54:45.576,,,,,,,,,,,,
527,14_1,14,# 14 OSH,TOYOTA,0,6,,,,,,,,,,Pit,,Dry     ,Fine,green_off,,08:54:45.666,,,,,,,,,,,,
528,15_1,15,# 15 IWA,HONDA,0,7,,,,,,,,,,Pit,,Dry     ,Fine,green_off,,08:54:45.753,,,,,,,,,,,,
529,20_1,20,# 20 TAK,TOYOTA,0,8,,,,,,,,,,Pit,,Dry     ,Fine,green_off,,08:54:45.879,,,,,,,,,,,,
530,28_1,28,# 28 KOT,TOYOTA,0,9,,,,,,,,,,Pit,,Dry     ,Fine,green_off,,08:54:45.975,,,,,,,,,,,,
531,38_1,38,# 38 SAK,TOYOTA,0,10,,,,,,,,,,Pit,,Dry     ,Fine,green_off,,08:54:46.087,,,,,,,,,,,,
532,64_1,64,# 64 REN,HONDA,0,11,,,,,,,,,,Pit,,Dry     ,Fine,green_off,,08:54:46.215,,,,,,,,,,,,
533,37_1,37,# 37 FEN,TOYOTA,0,1,,,,,,,,,,Pit,,Dry     ,Fine,green_off,,08:54:50.218,,,,,,,,,,,,
534,3_1,3,#  3 KEN,TOYOTA,0,2,,,,,,,,,,Pit,,Dry     ,Fine,green_off,,08:54:50.315,,,,,,,,,,,,
535,5_1,5,#  5 MAK,HONDA,0,3,,,,,,,,,,Pit,,Dry     ,Fine,green_off,,08:54:50.420,,,,,,,,,,,,
536,7_1,7,#  7 KOB,TOYOTA,0,4,,,,,,,,,,Pit,,Dry     ,Fine,green_off,,08:54:50.525,,,,,,,,,,,,
537,12_1,12,# 12 ATS,HONDA,0,5,,,,,,,,,,Pit,,Dry     ,Fine,green_off,,08:54:50.654,,,,,,,,,,,,
538,14_1,14,# 14 OSH,TOYOTA,0,6,,,,,,,,,,Pit,,Dry     ,Fine,green_off,,08:54:50.744,,,,,,,,,,,,
539,15_1,15,# 15 IWA,HONDA,0,7,,,,,,,,,,Pit,,Dry     ,Fine,green_off,,08:54:50.836,,,,,,,,,,,,
540,20_1,20,# 20 TAK,TOYOTA,0,8,,,,,,,,,,Pit,,Dry     ,Fine,green_off,,08:54:50.970,,,,,,,,,,,,
541,28_1,28,# 28 KOT,TOYOTA,0,9,,,,,,,,,,Pit,,Dry     ,Fine,green_off,,08:54:51.056,,,,,,,,,,,,
542,38_1,38,# 38 SAK,TOYOTA,0,10,,,,,,,,,,Pit,,Dry     ,Fine,green_off,,08:54:51.153,,,,,,,,,,,,
543,64_1,64,# 64 REN,HONDA,0,11,,,,,,,,,,Pit,,Dry     ,Fine,green_off,,08:54:51.269,,,,,,,,,,,,
544,37_1,37,# 37 FEN,TOYOTA,0,1,,,,,,,,,,Pit,,Dry     ,Fine,green_off,,08:54:55.285,,,,,,,,,,,,
545,3_1,3,#  3 KEN,TOYOTA,0,2,,,,,,,,,,Pit,,Dry     ,Fine,green_off,,08:54:55.359,,,,,,,,,,,,
546,5_1,5,#  5 MAK,HONDA,0,3,,,,,,,,,,Pit,,Dry     ,Fine,green_off,,08:54:55.448,,,,,,,,,,,,
547,7_1,7,#  7 KOB,TOYOTA,0,4,,,,,,,,,,Pit,,Dry     ,Fine,green_off,,08:54:55.539,,,,,,,,,,,,
548,12_1,12,# 12 ATS,HONDA,0,5,,,,,,,,,,Pit,,Dry     ,Fine,green_off,,08:54:55.645,,,,,,,,,,,,
549,14_1,14,# 14 OSH,TOYOTA,0,6,,,,,,,,,,Pit,,Dry     ,Fine,green_off,,08:54:55.733,,,,,,,,,,,,
550,15_1,15,# 15 IWA,HONDA,0,7,,,,,,,,,,Pit,,Dry     ,Fine,green_off,,08:54:55.824,,,,,,,,,,,,
551,20_1,20,# 20 TAK,TOYOTA,0,8,,,,,,,,,,Pit,,Dry     ,Fine,green_off,,08:54:55.932,,,,,,,,,,,,
552,28_1,28,# 28 KOT,TOYOTA,0,9,,,,,,,,,,Pit,,Dry     ,Fine,green_off,,08:54:56.008,,,,,,,,,,,,
553,38_1,38,# 38 SAK,TOYOTA,0,10,,,,,,,,,,Pit,,Dry     ,Fine,green_off,,08:54:56.098,,,,,,,,,,,,
554,64_1,64,# 64 REN,HONDA,0,11,,,,,,,,,,Pit,,Dry     ,Fine,green_off,,08:54:56.202,,,,,,,,,,,,
555,37_1,37,# 37 FEN,TOYOTA,0,1,,,,,,,,,,Pit,,Dry     ,Fine,green_off,,08:55:00.220,,,,,,,,,,,,
556,3_1,3,#  3 KEN,TOYOTA,0,2,,,,,,,,,,Pit,,Dry     ,Fine,green_off,,08:55:00.307,,,,,,,,,,,,
557,5_1,5,#  5 MAK,HONDA,0,3,,,,,,,,,,Pit,,Dry     ,Fine,green_off,,08:55:00.403,,,,,,,,,,,,
558,7_1,7,#  7 KOB,TOYOTA,0,4,,,,,,,,,,Pit,,Dry     ,Fine,green_off,,08:55:00.503,,,,,,,,,,,,
559,12_1,12,# 12 ATS,HONDA,0,5,,,,,,,,,,Pit,,Dry     ,Fine,green_off,,08:55:00.617,,,,,,,,,,,,
560,14_1,14,# 14 OSH,TOYOTA,0,6,,,,,,,,,,Pit,,Dry     ,Fine,green_off,,08:55:00.699,,,,,,,,,,,,
561,15_1,15,# 15 IWA,HONDA,0,7,,,,,,,,,,Pit,,Dry     ,Fine,green_off,,08:55:00.774,,,,,,,,,,,,
562,20_1,20,# 20 TAK,TOYOTA,0,8,,,,,,,,,,Pit,,Dry     ,Fine,green_off,,08:55:00.881,,,,,,,,,,,,
563,28_1,28,# 28 KOT,TOYOTA,0,9,,,,,,,,,,Pit,,Dry     ,Fine,green_off,,08:55:00.957,,,,,,,,,,,,
564,38_1,38,# 38 SAK,TOYOTA,0,10,,,,,,,,,,Pit,,Dry     ,Fine,green_off,,08:55:01.046,,,,,,,,,,,,
565,64_1,64,# 64 REN,HONDA,0,11,,,,,,,,,,Pit,,Dry     ,Fine,green_off,,08:55:01.152,,,,,,,,,,,,
