,ID,Category,Session,CarNo,Driver,Driver Name,Maker,Lap,Pos,Sec 1,Sec 2,Sec 3,Sec 4,Speed,LapTime (min),LapTime,Gap,Diff,E Time,Tyre,Pit,Pit In No,Track Condition,Weather,Flag,Remaining Time,Sampling Time,Ambient Time,Ambient Temp,Ambient K Type,Ambient Track,Ambient Humidity,Ambient Pressure,Weather Time,Weather Temp,Weather Humidity,Weather WindSpeed,Weather WindDirection,Weather Air Pressure
0,1_0,SF RePlay,SF RePlay,1,#  1 TUB,坪井翔,TOYOTA,0,2.0,23.049,26.748,,,226.41,,,,,,,,,Dry     ,Fine,green_on,41 LAPS TO GO,,,,,,,,,,,,,
1,1_1,SF RePlay,SF RePlay,1,#  1 TUB,坪井翔,TOYOTA,1,1.0,23.049,26.748,37.766,,298.34,01:27.6,87.563,,,,,,,Dry     ,Fine,green_on,40 LAPS TO GO,,,,,,,,,,,,,
2,1_2,SF RePlay,SF RePlay,1,#  1 TUB,坪井翔,TOYOTA,2,1.0,21.152,26.23,,,298.34,01:27.6,87.563,,,,,,,Dry     ,Fine,green_on,40 LAPS TO GO,,,,,,,,,,,,,
3,1_3,SF RePlay,SF RePlay,1,#  1 TUB,坪井翔,TOYOTA,3,,,,,,,,,,,,,,,,,,,,,,,,,,,,,,,
4,1_4,SF RePlay,SF RePlay,1,#  1 TUB,坪井翔,TOYOTA,4,,,,,,,,,,,,,,,,,,,,,,,,,,,,,,,
5,1_5,SF RePlay,SF RePlay,1,#  1 TUB,坪井翔,TOYOTA,5,,,,,,,,,,,,,,,,,,,,,,,,,,,,,,,
6,1_6,SF RePlay,SF RePlay,1,#  1 TUB,坪井翔,TOYOTA,6,,,,,,,,,,,,,,,,,,,,,,,,,,,,,,,
7,1_7,SF RePlay,SF RePlay,1,#  1 TUB,坪井翔,TOYOTA,7,,,,,,,,,,,,,,,,,,,,,,,,,,,,,,,
8,1_8,SF RePlay,SF RePlay,1,#  1 TUB,坪井翔,TOYOTA,8,,,,,,,,,,,,,,,,,,,,,,,,,,,,,,,
9,1_9,SF RePlay,SF RePlay,1,#  1 TUB,坪井翔,TOYOTA,9,,,,,,,,,,,,,,,,,,,,,,,,,,,,,,,
10,1_10,SF RePlay,SF RePlay,1,#  1 TUB,坪井翔,TOYOTA,10,,,,,,,,,,,,,,,,,,,,,,,,,,,,,,,
11,1_11,SF RePlay,SF RePlay,1,#  1 TUB,坪井翔,TOYOTA,11,,,,,,,,,,,,,,,,,,,,,,,,,,,,,,,
12,1_12,SF RePlay,SF RePlay,1,#  1 TUB,坪井翔,TOYOTA,12,,,,,,,,,,,,,,,,,,,,,,,,,,,,,,,
13,1_13,SF RePlay,SF RePlay,1,#  1 TUB,坪井翔,TOYOTA,13,,,,,,,,,,,,,,,,,,,,,,,,,,,,,,,
14,1_14,SF RePlay,SF RePlay,1,#  1 TUB,坪井翔,TOYOTA,14,,,,,,,,,,,,,,,,,,,,,,,,,,,,,,,
15,1_15,SF RePlay,SF RePlay,1,#  1 TUB,坪井翔,TOYOTA,15,,,,,,,,,,,,,,,,,,,,,,,,,,,,,,,
16,1_16,SF RePlay,SF RePlay,1,#  1 TUB,坪井翔,TOYOTA,16,,,,,,,,,,,,,,,,,,,,,,,,,,,,,,,
17,1_17,SF RePlay,SF RePlay,1,#  1 TUB,坪井翔,TOYOTA,17,,,,,,,,,,,,,,,,,,,,,,,,,,,,,,,
18,1_18,SF RePlay,SF RePlay,1,#  1 TUB,坪井翔,TOYOTA,18,,,,,,,,,,,,,,,,,,,,,,,,,,,,,,,
19,1_19,SF RePlay,SF RePlay,1,#  1 TUB,坪井翔,TOYOTA,19,,,,,,,,,,,,,,,,,,,,,,,,,,,,,,,
20,1_20,SF RePlay,SF RePlay,1,#  1 TUB,坪井翔,TOYOTA,20,,,,,,,,,,,,,,,,,,,,,,,,,,,,,,,
21,1_21,SF RePlay,SF RePlay,1,#  1 TUB,坪井翔,TOYOTA,21,,,,,,,,,,,,,,,,,,,,,,,,,,,,,,,
22,1_22,SF RePlay,SF RePlay,1,#  1 TUB,坪井翔,TOYOTA,22,,,,,,,,,,,,,,,,,,,,,,,,,,,,,,,
23,1_23,SF RePlay,SF RePlay,1,#  1 TUB,坪井翔,TOYOTA,23,,,,,,,,,,,,,,,,,,,,,,,,,,,,,,,
24,1_24,SF RePlay,SF RePlay,1,#  1 TUB,坪井翔,TOYOTA,24,,,,,,,,,,,,,,,,,,,,,,,,,,,,,,,
25,1_25,SF RePlay,SF RePlay,1,#  1 TUB,坪井翔,TOYOTA,25,,,,,,,,,,,,,,,,,,,,,,,,,,,,,,,
26,1_26,SF RePlay,SF RePlay,1,#  1 TUB,坪井翔,TOYOTA,26,,,,,,,,,,,,,,,,,,,,,,,,,,,,,,,
27,1_27,SF RePlay,SF RePlay,1,#  1 TUB,坪井翔,TOYOTA,27,,,,,,,,,,,,,,,,,,,,,,,,,,,,,,,
28,1_28,SF RePlay,SF RePlay,1,#  1 TUB,坪井翔,TOYOTA,28,,,,,,,,,,,,,,,,,,,,,,,,,,,,,,,
29,1_29,SF RePlay,SF RePlay,1,#  1 TUB,坪井翔,TOYOTA,29,,,,,,,,,,,,,,,,,,,,,,,,,,,,,,,
30,1_30,SF RePlay,SF RePlay,1,#  1 TUB,坪井翔,TOYOTA,30,,,,,,,,,,,,,,,,,,,,,,,,,,,,,,,
31,1_31,SF RePlay,SF RePlay,1,#  1 TUB,坪井翔,TOYOTA,31,,,,,,,,,,,,,,,,,,,,,,,,,,,,,,,
32,1_32,SF RePlay,SF RePlay,1,#  1 TUB,坪井翔,TOYOTA,32,,,,,,,,,,,,,,,,,,,,,,,,,,,,,,,
33,1_33,SF RePlay,SF RePlay,1,#  1 TUB,坪井翔,TOYOTA,33,,,,,,,,,,,,,,,,,,,,,,,,,,,,,,,
34,1_34,SF RePlay,SF RePlay,1,#  1 TUB,坪井翔,TOYOTA,34,,,,,,,,,,,,,,,,,,,,,,,,,,,,,,,
35,1_35,SF RePlay,SF RePlay,1,#  1 TUB,坪井翔,TOYOTA,35,,,,,,,,,,,,,,,,,,,,,,,,,,,,,,,
36,1_36,SF RePlay,SF RePlay,1,#  1 TUB,坪井翔,TOYOTA,36,,,,,,,,,,,,,,,,,,,,,,,,,,,,,,,
37,1_37,SF RePlay,SF RePlay,1,#  1 TUB,坪井翔,TOYOTA,37,,,,,,,,,,,,,,,,,,,,,,,,,,,,,,,
38,1_38,SF RePlay,SF RePlay,1,#  1 TUB,坪井翔,TOYOTA,38,,,,,,,,,,,,,,,,,,,,,,,,,,,,,,,
39,1_39,SF RePlay,SF RePlay,1,#  1 TUB,坪井翔,TOYOTA,39,,,,,,,,,,,,,,,,,,,,,,,,,,,,,,,
40,1_40,SF RePlay,SF RePlay,1,#  1 TUB,坪井翔,TOYOTA,40,,,,,,,,,,,,,,,,,,,,,,,,,,,,,,,
41,1_41,SF RePlay,SF RePlay,1,#  1 TUB,坪井翔,TOYOTA,41,,,,,,,,,,,,,,,,,,,,,,,,,,,,,,,
42,3_0,SF RePlay,SF RePlay,3,#  3 KEN,山下健太,TOYOTA,0,13.0,25.264,28.337,,,239.46,,,,,,,,,Dry     ,Fine,green_on,41 LAPS TO GO,,,,,,,,,,,,,
43,3_1,SF RePlay,SF RePlay,3,#  3 KEN,山下健太,TOYOTA,1,12.0,25.264,28.337,39.395,,305.08,01:33.0,92.996,,,,,,,Dry     ,Fine,green_on,40 LAPS TO GO,,,,,,,,,,,,,
44,3_2,SF RePlay,SF RePlay,3,#  3 KEN,山下健太,TOYOTA,2,11.0,21.206,,,,305.08,01:33.0,92.996,,,,,,,Dry     ,Fine,green_on,40 LAPS TO GO,,,,,,,,,,,,,
45,3_3,SF RePlay,SF RePlay,3,#  3 KEN,山下健太,TOYOTA,3,,,,,,,,,,,,,,,,,,,,,,,,,,,,,,,
46,3_4,SF RePlay,SF RePlay,3,#  3 KEN,山下健太,TOYOTA,4,,,,,,,,,,,,,,,,,,,,,,,,,,,,,,,
47,3_5,SF RePlay,SF RePlay,3,#  3 KEN,山下健太,TOYOTA,5,,,,,,,,,,,,,,,,,,,,,,,,,,,,,,,
48,3_6,SF RePlay,SF RePlay,3,#  3 KEN,山下健太,TOYOTA,6,,,,,,,,,,,,,,,,,,,,,,,,,,,,,,,
49,3_7,SF RePlay,SF RePlay,3,#  3 KEN,山下健太,TOYOTA,7,,,,,,,,,,,,,,,,,,,,,,,,,,,,,,,
50,3_8,SF RePlay,SF RePlay,3,#  3 KEN,山下健太,TOYOTA,8,,,,,,,,,,,,,,,,,,,,,,,,,,,,,,,
51,3_9,SF RePlay,SF RePlay,3,#  3 KEN,山下健太,TOYOTA,9,,,,,,,,,,,,,,,,,,,,,,,,,,,,,,,
52,3_10,SF RePlay,SF RePlay,3,#  3 KEN,山下健太,TOYOTA,10,,,,,,,,,,,,,,,,,,,,,,,,,,,,,,,
53,3_11,SF RePlay,SF RePlay,3,#  3 KEN,山下健太,TOYOTA,11,,,,,,,,,,,,,,,,,,,,,,,,,,,,,,,
54,3_12,SF RePlay,SF RePlay,3,#  3 KEN,山下健太,TOYOTA,12,,,,,,,,,,,,,,,,,,,,,,,,,,,,,,,
55,3_13,SF RePlay,SF RePlay,3,#  3 KEN,山下健太,TOYOTA,13,,,,,,,,,,,,,,,,,,,,,,,,,,,,,,,
56,3_14,SF RePlay,SF RePlay,3,#  3 KEN,山下健太,TOYOTA,14,,,,,,,,,,,,,,,,,,,,,,,,,,,,,,,
57,3_15,SF RePlay,SF RePlay,3,#  3 KEN,山下健太,TOYOTA,15,,,,,,,,,,,,,,,,,,,,,,,,,,,,,,,
58,3_16,SF RePlay,SF RePlay,3,#  3 KEN,山下健太,TOYOTA,16,,,,,,,,,,,,,,,,,,,,,,,,,,,,,,,
59,3_17,SF RePlay,SF RePlay,3,#  3 KEN,山下健太,TOYOTA,17,,,,,,,,,,,,,,,,,,,,,,,,,,,,,,,
60,3_18,SF RePlay,SF RePlay,3,#  3 KEN,山下健太,TOYOTA,18,,,,,,,,,,,,,,,,,,,,,,,,,,,,,,,
61,3_19,SF RePlay,SF RePlay,3,#  3 KEN,山下健太,TOYOTA,19,,,,,,,,,,,,,,,,,,,,,,,,,,,,,,,
62,3_20,SF RePlay,SF RePlay,3,#  3 KEN,山下健太,TOYOTA,20,,,,,,,,,,,,,,,,,,,,,,,,,,,,,,,
63,3_21,SF RePlay,SF RePlay,3,#  3 KEN,山下健太,TOYOTA,21,,,,,,,,,,,,,,,,,,,,,,,,,,,,,,,
64,3_22,SF RePlay,SF RePlay,3,#  3 KEN,山下健太,TOYOTA,22,,,,,,,,,,,,,,,,,,,,,,,,,,,,,,,
65,3_23,SF RePlay,SF RePlay,3,#  3 KEN,山下健太,TOYOTA,23,,,,,,,,,,,,,,,,,,,,,,,,,,,,,,,
66,3_24,SF RePlay,SF RePlay,3,#  3 KEN,山下健太,TOYOTA,24,,,,,,,,,,,,,,,,,,,,,,,,,,,,,,,
67,3_25,SF RePlay,SF RePlay,3,#  3 KEN,山下健太,TOYOTA,25,,,,,,,,,,,,,,,,,,,,,,,,,,,,,,,
68,3_26,SF RePlay,SF RePlay,3,#  3 KEN,山下健太,TOYOTA,26,,,,,,,,,,,,,,,,,,,,,,,,,,,,,,,
69,3_27,SF RePlay,SF RePlay,3,#  3 KEN,山下健太,TOYOTA,27,,,,,,,,,,,,,,,,,,,,,,,,,,,,,,,
70,3_28,SF RePlay,SF RePlay,3,#  3 KEN,山下健太,TOYOTA,28,,,,,,,,,,,,,,,,,,,,,,,,,,,,,,,
71,3_29,SF RePlay,SF RePlay,3,#  3 KEN,山下健太,TOYOTA,29,,,,,,,,,,,,,,,,,,,,,,,,,,,,,,,
72,3_30,SF RePlay,SF RePlay,3,#  3 KEN,山下健太,TOYOTA,30,,,,,,,,,,,,,,,,,,,,,,,,,,,,,,,
73,3_31,SF RePlay,SF RePlay,3,#  3 KEN,山下健太,TOYOTA,31,,,,,,,,,,,,,,,,,,,,,,,,,,,,,,,
74,3_32,SF RePlay,SF RePlay,3,#  3 KEN,山下健太,TOYOTA,32,,,,,,,,,,,,,,,,,,,,,,,,,,,,,,,
75,3_33,SF RePlay,SF RePlay,3,#  3 KEN,山下健太,TOYOTA,33,,,,,,,,,,,,,,,,,,,,,,,,,,,,,,,
76,3_34,SF RePlay,SF RePlay,3,#  3 KEN,山下健太,TOYOTA,34,,,,,,,,,,,,,,,,,,,,,,,,,,,,,,,
77,3_35,SF RePlay,SF RePlay,3,#  3 KEN,山下健太,TOYOTA,35,,,,,,,,,,,,,,,,,,,,,,,,,,,,,,,
78,3_36,SF RePlay,SF RePlay,3,#  3 KEN,山下健太,TOYOTA,36,,,,,,,,,,,,,,,,,,,,,,,,,,,,,,,
79,3_37,SF RePlay,SF RePlay,3,#  3 KEN,山下健太,TOYOTA,37,,,,,,,,,,,,,,,,,,,,,,,,,,,,,,,
80,3_38,SF RePlay,SF RePlay,3,#  3 KEN,山下健太,TOYOTA,38,,,,,,,,,,,,,,,,,,,,,,,,,,,,,,,
81,3_39,SF RePlay,SF RePlay,3,#  3 KEN,山下健太,TOYOTA,39,,,,,,,,,,,,,,,,,,,,,,,,,,,,,,,
82,3_40,SF RePlay,SF RePlay,3,#  3 KEN,山下健太,TOYOTA,40,,,,,,,,,,,,,,,,,,,,,,,,,,,,,,,
83,3_41,SF RePlay,SF RePlay,3,#  3 KEN,山下健太,TOYOTA,41,,,,,,,,,,,,,,,,,,,,,,,,,,,,,,,
84,4_0,SF RePlay,SF RePlay,4,#  4 OSU,ザック・オサリバン,TOYOTA,0,19.0,25.973,29.198,,,256.53,,,,,,,,,Dry     ,Fine,green_on,41 LAPS TO GO,,,,,,,,,,,,,
85,4_1,SF RePlay,SF RePlay,4,#  4 OSU,ザック・オサリバン,TOYOTA,1,16.0,25.973,29.198,39.189,,313.04,01:34.4,94.36,,,,,,,Dry     ,Fine,green_on,40 LAPS TO GO,,,,,,,,,,,,,
86,4_2,SF RePlay,SF RePlay,4,#  4 OSU,ザック・オサリバン,TOYOTA,2,16.0,21.377,,,,313.04,01:34.4,94.36,,,,,,,Dry     ,Fine,green_on,40 LAPS TO GO,,,,,,,,,,,,,
87,4_3,SF RePlay,SF RePlay,4,#  4 OSU,ザック・オサリバン,TOYOTA,3,,,,,,,,,,,,,,,,,,,,,,,,,,,,,,,
88,4_4,SF RePlay,SF RePlay,4,#  4 OSU,ザック・オサリバン,TOYOTA,4,,,,,,,,,,,,,,,,,,,,,,,,,,,,,,,
89,4_5,SF RePlay,SF RePlay,4,#  4 OSU,ザック・オサリバン,TOYOTA,5,,,,,,,,,,,,,,,,,,,,,,,,,,,,,,,
90,4_6,SF RePlay,SF RePlay,4,#  4 OSU,ザック・オサリバン,TOYOTA,6,,,,,,,,,,,,,,,,,,,,,,,,,,,,,,,
91,4_7,SF RePlay,SF RePlay,4,#  4 OSU,ザック・オサリバン,TOYOTA,7,,,,,,,,,,,,,,,,,,,,,,,,,,,,,,,
92,4_8,SF RePlay,SF RePlay,4,#  4 OSU,ザック・オサリバン,TOYOTA,8,,,,,,,,,,,,,,,,,,,,,,,,,,,,,,,
93,4_9,SF RePlay,SF RePlay,4,#  4 OSU,ザック・オサリバン,TOYOTA,9,,,,,,,,,,,,,,,,,,,,,,,,,,,,,,,
94,4_10,SF RePlay,SF RePlay,4,#  4 OSU,ザック・オサリバン,TOYOTA,10,,,,,,,,,,,,,,,,,,,,,,,,,,,,,,,
95,4_11,SF RePlay,SF RePlay,4,#  4 OSU,ザック・オサリバン,TOYOTA,11,,,,,,,,,,,,,,,,,,,,,,,,,,,,,,,
96,4_12,SF RePlay,SF RePlay,4,#  4 OSU,ザック・オサリバン,TOYOTA,12,,,,,,,,,,,,,,,,,,,,,,,,,,,,,,,
97,4_13,SF RePlay,SF RePlay,4,#  4 OSU,ザック・オサリバン,TOYOTA,13,,,,,,,,,,,,,,,,,,,,,,,,,,,,,,,
98,4_14,SF RePlay,SF RePlay,4,#  4 OSU,ザック・オサリバン,TOYOTA,14,,,,,,,,,,,,,,,,,,,,,,,,,,,,,,,
99,4_15,SF RePlay,SF RePlay,4,#  4 OSU,ザック・オサリバン,TOYOTA,15,,,,,,,,,,,,,,,,,,,,,,,,,,,,,,,
100,4_16,SF RePlay,SF RePlay,4,#  4 OSU,ザック・オサリバン,TOYOTA,16,,,,,,,,,,,,,,,,,,,,,,,,,,,,,,,
101,4_17,SF RePlay,SF RePlay,4,#  4 OSU,ザック・オサリバン,TOYOTA,17,,,,,,,,,,,,,,,,,,,,,,,,,,,,,,,
102,4_18,SF RePlay,SF RePlay,4,#  4 OSU,ザック・オサリバン,TOYOTA,18,,,,,,,,,,,,,,,,,,,,,,,,,,,,,,,
103,4_19,SF RePlay,SF RePlay,4,#  4 OSU,ザック・オサリバン,TOYOTA,19,,,,,,,,,,,,,,,,,,,,,,,,,,,,,,,
104,4_20,SF RePlay,SF RePlay,4,#  4 OSU,ザック・オサリバン,TOYOTA,20,,,,,,,,,,,,,,,,,,,,,,,,,,,,,,,
105,4_21,SF RePlay,SF RePlay,4,#  4 OSU,ザック・オサリバン,TOYOTA,21,,,,,,,,,,,,,,,,,,,,,,,,,,,,,,,
106,4_22,SF RePlay,SF RePlay,4,#  4 OSU,ザック・オサリバン,TOYOTA,22,,,,,,,,,,,,,,,,,,,,,,,,,,,,,,,
107,4_23,SF RePlay,SF RePlay,4,#  4 OSU,ザック・オサリバン,TOYOTA,23,,,,,,,,,,,,,,,,,,,,,,,,,,,,,,,
108,4_24,SF RePlay,SF RePlay,4,#  4 OSU,ザック・オサリバン,TOYOTA,24,,,,,,,,,,,,,,,,,,,,,,,,,,,,,,,
109,4_25,SF RePlay,SF RePlay,4,#  4 OSU,ザック・オサリバン,TOYOTA,25,,,,,,,,,,,,,,,,,,,,,,,,,,,,,,,
110,4_26,SF RePlay,SF RePlay,4,#  4 OSU,ザック・オサリバン,TOYOTA,26,,,,,,,,,,,,,,,,,,,,,,,,,,,,,,,
111,4_27,SF RePlay,SF RePlay,4,#  4 OSU,ザック・オサリバン,TOYOTA,27,,,,,,,,,,,,,,,,,,,,,,,,,,,,,,,
112,4_28,SF RePlay,SF RePlay,4,#  4 OSU,ザック・オサリバン,TOYOTA,28,,,,,,,,,,,,,,,,,,,,,,,,,,,,,,,
113,4_29,SF RePlay,SF RePlay,4,#  4 OSU,ザック・オサリバン,TOYOTA,29,,,,,,,,,,,,,,,,,,,,,,,,,,,,,,,
114,4_30,SF RePlay,SF RePlay,4,#  4 OSU,ザック・オサリバン,TOYOTA,30,,,,,,,,,,,,,,,,,,,,,,,,,,,,,,,
115,4_31,SF RePlay,SF RePlay,4,#  4 OSU,ザック・オサリバン,TOYOTA,31,,,,,,,,,,,,,,,,,,,,,,,,,,,,,,,
116,4_32,SF RePlay,SF RePlay,4,#  4 OSU,ザック・オサリバン,TOYOTA,32,,,,,,,,,,,,,,,,,,,,,,,,,,,,,,,
117,4_33,SF RePlay,SF RePlay,4,#  4 OSU,ザック・オサリバン,TOYOTA,33,,,,,,,,,,,,,,,,,,,,,,,,,,,,,,,
118,4_34,SF RePlay,SF RePlay,4,#  4 OSU,ザック・オサリバン,TOYOTA,34,,,,,,,,,,,,,,,,,,,,,,,,,,,,,,,
119,4_35,SF RePlay,SF RePlay,4,#  4 OSU,ザック・オサリバン,TOYOTA,35,,,,,,,,,,,,,,,,,,,,,,,,,,,,,,,
120,4_36,SF RePlay,SF RePlay,4,#  4 OSU,ザック・オサリバン,TOYOTA,36,,,,,,,,,,,,,,,,,,,,,,,,,,,,,,,
121,4_37,SF RePlay,SF RePlay,4,#  4 OSU,ザック・オサリバン,TOYOTA,37,,,,,,,,,,,,,,,,,,,,,,,,,,,,,,,
122,4_38,SF RePlay,SF RePlay,4,#  4 OSU,ザック・オサリバン,TOYOTA,38,,,,,,,,,,,,,,,,,,,,,,,,,,,,,,,
123,4_39,SF RePlay,SF RePlay,4,#  4 OSU,ザック・オサリバン,TOYOTA,39,,,,,,,,,,,,,,,,,,,,,,,,,,,,,,,
124,4_40,SF RePlay,SF RePlay,4,#  4 OSU,ザック・オサリバン,TOYOTA,40,,,,,,,,,,,,,,,,,,,,,,,,,,,,,,,
125,4_41,SF RePlay,SF RePlay,4,#  4 OSU,ザック・オサリバン,TOYOTA,41,,,,,,,,,,,,,,,,,,,,,,,,,,,,,,,
126,5_0,SF RePlay,SF RePlay,5,#  5 MAK,牧野任祐,HONDA,0,7.0,24.375,27.462,,,241.07,,,,,,,,,Dry     ,Fine,green_on,41 LAPS TO GO,,,,,,,,,,,,,
127,5_1,SF RePlay,SF RePlay,5,#  5 MAK,牧野任祐,HONDA,1,7.0,24.375,27.462,38.736,,299.16,01:30.6,90.573,,,,,,,Dry     ,Fine,green_on,40 LAPS TO GO,,,,,,,,,,,,,
128,5_2,SF RePlay,SF RePlay,5,#  5 MAK,牧野任祐,HONDA,2,8.0,21.921,,,,299.16,01:30.6,90.573,,,,,,,Dry     ,Fine,green_on,40 LAPS TO GO,,,,,,,,,,,,,
129,5_3,SF RePlay,SF RePlay,5,#  5 MAK,牧野任祐,HONDA,3,,,,,,,,,,,,,,,,,,,,,,,,,,,,,,,
130,5_4,SF RePlay,SF RePlay,5,#  5 MAK,牧野任祐,HONDA,4,,,,,,,,,,,,,,,,,,,,,,,,,,,,,,,
131,5_5,SF RePlay,SF RePlay,5,#  5 MAK,牧野任祐,HONDA,5,,,,,,,,,,,,,,,,,,,,,,,,,,,,,,,
132,5_6,SF RePlay,SF RePlay,5,#  5 MAK,牧野任祐,HONDA,6,,,,,,,,,,,,,,,,,,,,,,,,,,,,,,,
133,5_7,SF RePlay,SF RePlay,5,#  5 MAK,牧野任祐,HONDA,7,,,,,,,,,,,,,,,,,,,,,,,,,,,,,,,
134,5_8,SF RePlay,SF RePlay,5,#  5 MAK,牧野任祐,HONDA,8,,,,,,,,,,,,,,,,,,,,,,,,,,,,,,,
135,5_9,SF RePlay,SF RePlay,5,#  5 MAK,牧野任祐,HONDA,9,,,,,,,,,,,,,,,,,,,,,,,,,,,,,,,
136,5_10,SF RePlay,SF RePlay,5,#  5 MAK,牧野任祐,HONDA,10,,,,,,,,,,,,,,,,,,,,,,,,,,,,,,,
137,5_11,SF RePlay,SF RePlay,5,#  5 MAK,牧野任祐,HONDA,11,,,,,,,,,,,,,,,,,,,,,,,,,,,,,,,
138,5_12,SF RePlay,SF RePlay,5,#  5 MAK,牧野任祐,HONDA,12,,,,,,,,,,,,,,,,,,,,,,,,,,,,,,,
139,5_13,SF RePlay,SF RePlay,5,#  5 MAK,牧野任祐,HONDA,13,,,,,,,,,,,,,,,,,,,,,,,,,,,,,,,
140,5_14,SF RePlay,SF RePlay,5,#  5 MAK,牧野任祐,HONDA,14,,,,,,,,,,,,,,,,,,,,,,,,,,,,,,,
141,5_15,SF RePlay,SF RePlay,5,#  5 MAK,牧野任祐,HONDA,15,,,,,,,,,,,,,,,,,,,,,,,,,,,,,,,
142,5_16,SF RePlay,SF RePlay,5,#  5 MAK,牧野任祐,HONDA,16,,,,,,,,,,,,,,,,,,,,,,,,,,,,,,,
143,5_17,SF RePlay,SF RePlay,5,#  5 MAK,牧野任祐,HONDA,17,,,,,,,,,,,,,,,,,,,,,,,,,,,,,,,
144,5_18,SF RePlay,SF RePlay,5,#  5 MAK,牧野任祐,HONDA,18,,,,,,,,,,,,,,,,,,,,,,,,,,,,,,,
145,5_19,SF RePlay,SF RePlay,5,#  5 MAK,牧野任祐,HONDA,19,,,,,,,,,,,,,,,,,,,,,,,,,,,,,,,
146,5_20,SF RePlay,SF RePlay,5,#  5 MAK,牧野任祐,HONDA,20,,,,,,,,,,,,,,,,,,,,,,,,,,,,,,,
147,5_21,SF RePlay,SF RePlay,5,#  5 MAK,牧野任祐,HONDA,21,,,,,,,,,,,,,,,,,,,,,,,,,,,,,,,
148,5_22,SF RePlay,SF RePlay,5,#  5 MAK,牧野任祐,HONDA,22,,,,,,,,,,,,,,,,,,,,,,,,,,,,,,,
149,5_23,SF RePlay,SF RePlay,5,#  5 MAK,牧野任祐,HONDA,23,,,,,,,,,,,,,,,,,,,,,,,,,,,,,,,
150,5_24,SF RePlay,SF RePlay,5,#  5 MAK,牧野任祐,HONDA,24,,,,,,,,,,,,,,,,,,,,,,,,,,,,,,,
151,5_25,SF RePlay,SF RePlay,5,#  5 MAK,牧野任祐,HONDA,25,,,,,,,,,,,,,,,,,,,,,,,,,,,,,,,
152,5_26,SF RePlay,SF RePlay,5,#  5 MAK,牧野任祐,HONDA,26,,,,,,,,,,,,,,,,,,,,,,,,,,,,,,,
153,5_27,SF RePlay,SF RePlay,5,#  5 MAK,牧野任祐,HONDA,27,,,,,,,,,,,,,,,,,,,,,,,,,,,,,,,
154,5_28,SF RePlay,SF RePlay,5,#  5 MAK,牧野任祐,HONDA,28,,,,,,,,,,,,,,,,,,,,,,,,,,,,,,,
155,5_29,SF RePlay,SF RePlay,5,#  5 MAK,牧野任祐,HONDA,29,,,,,,,,,,,,,,,,,,,,,,,,,,,,,,,
156,5_30,SF RePlay,SF RePlay,5,#  5 MAK,牧野任祐,HONDA,30,,,,,,,,,,,,,,,,,,,,,,,,,,,,,,,
157,5_31,SF RePlay,SF RePlay,5,#  5 MAK,牧野任祐,HONDA,31,,,,,,,,,,,,,,,,,,,,,,,,,,,,,,,
158,5_32,SF RePlay,SF RePlay,5,#  5 MAK,牧野任祐,HONDA,32,,,,,,,,,,,,,,,,,,,,,,,,,,,,,,,
159,5_33,SF RePlay,SF RePlay,5,#  5 MAK,牧野任祐,HONDA,33,,,,,,,,,,,,,,,,,,,,,,,,,,,,,,,
160,5_34,SF RePlay,SF RePlay,5,#  5 MAK,牧野任祐,HONDA,34,,,,,,,,,,,,,,,,,,,,,,,,,,,,,,,
161,5_35,SF RePlay,SF RePlay,5,#  5 MAK,牧野任祐,HONDA,35,,,,,,,,,,,,,,,,,,,,,,,,,,,,,,,
162,5_36,SF RePlay,SF RePlay,5,#  5 MAK,牧野任祐,HONDA,36,,,,,,,,,,,,,,,,,,,,,,,,,,,,,,,
163,5_37,SF RePlay,SF RePlay,5,#  5 MAK,牧野任祐,HONDA,37,,,,,,,,,,,,,,,,,,,,,,,,,,,,,,,
164,5_38,SF RePlay,SF RePlay,5,#  5 MAK,牧野任祐,HONDA,38,,,,,,,,,,,,,,,,,,,,,,,,,,,,,,,
165,5_39,SF RePlay,SF RePlay,5,#  5 MAK,牧野任祐,HONDA,39,,,,,,,,,,,,,,,,,,,,,,,,,,,,,,,
166,5_40,SF RePlay,SF RePlay,5,#  5 MAK,牧野任祐,HONDA,40,,,,,,,,,,,,,,,,,,,,,,,,,,,,,,,
167,5_41,SF RePlay,SF RePlay,5,#  5 MAK,牧野任祐,HONDA,41,,,,,,,,,,,,,,,,,,,,,,,,,,,,,,,
168,6_0,SF RePlay,SF RePlay,6,#  6 OTA,太田格之進,HONDA,0,1.0,22.87,26.796,,,227.84,,,,,,,,,Dry     ,Fine,green_on,41 LAPS TO GO,,,,,,,,,,,,,
169,6_1,SF RePlay,SF RePlay,6,#  6 OTA,太田格之進,HONDA,1,2.0,22.87,26.796,38.483,,295.89,01:28.1,88.149,,,,,,,Dry     ,Fine,green_on,40 LAPS TO GO,,,,,,,,,,,,,
170,6_2,SF RePlay,SF RePlay,6,#  6 OTA,太田格之進,HONDA,2,2.0,21.282,,,,295.89,01:28.1,88.149,,,,,,,Dry     ,Fine,green_on,40 LAPS TO GO,,,,,,,,,,,,,
171,6_3,SF RePlay,SF RePlay,6,#  6 OTA,太田格之進,HONDA,3,,,,,,,,,,,,,,,,,,,,,,,,,,,,,,,
172,6_4,SF RePlay,SF RePlay,6,#  6 OTA,太田格之進,HONDA,4,,,,,,,,,,,,,,,,,,,,,,,,,,,,,,,
173,6_5,SF RePlay,SF RePlay,6,#  6 OTA,太田格之進,HONDA,5,,,,,,,,,,,,,,,,,,,,,,,,,,,,,,,
174,6_6,SF RePlay,SF RePlay,6,#  6 OTA,太田格之進,HONDA,6,,,,,,,,,,,,,,,,,,,,,,,,,,,,,,,
175,6_7,SF RePlay,SF RePlay,6,#  6 OTA,太田格之進,HONDA,7,,,,,,,,,,,,,,,,,,,,,,,,,,,,,,,
176,6_8,SF RePlay,SF RePlay,6,#  6 OTA,太田格之進,HONDA,8,,,,,,,,,,,,,,,,,,,,,,,,,,,,,,,
177,6_9,SF RePlay,SF RePlay,6,#  6 OTA,太田格之進,HONDA,9,,,,,,,,,,,,,,,,,,,,,,,,,,,,,,,
178,6_10,SF RePlay,SF RePlay,6,#  6 OTA,太田格之進,HONDA,10,,,,,,,,,,,,,,,,,,,,,,,,,,,,,,,
179,6_11,SF RePlay,SF RePlay,6,#  6 OTA,太田格之進,HONDA,11,,,,,,,,,,,,,,,,,,,,,,,,,,,,,,,
180,6_12,SF RePlay,SF RePlay,6,#  6 OTA,太田格之進,HONDA,12,,,,,,,,,,,,,,,,,,,,,,,,,,,,,,,
181,6_13,SF RePlay,SF RePlay,6,#  6 OTA,太田格之進,HONDA,13,,,,,,,,,,,,,,,,,,,,,,,,,,,,,,,
182,6_14,SF RePlay,SF RePlay,6,#  6 OTA,太田格之進,HONDA,14,,,,,,,,,,,,,,,,,,,,,,,,,,,,,,,
183,6_15,SF RePlay,SF RePlay,6,#  6 OTA,太田格之進,HONDA,15,,,,,,,,,,,,,,,,,,,,,,,,,,,,,,,
184,6_16,SF RePlay,SF RePlay,6,#  6 OTA,太田格之進,HONDA,16,,,,,,,,,,,,,,,,,,,,,,,,,,,,,,,
185,6_17,SF RePlay,SF RePlay,6,#  6 OTA,太田格之進,HONDA,17,,,,,,,,,,,,,,,,,,,,,,,,,,,,,,,
186,6_18,SF RePlay,SF RePlay,6,#  6 OTA,太田格之進,HONDA,18,,,,,,,,,,,,,,,,,,,,,,,,,,,,,,,
187,6_19,SF RePlay,SF RePlay,6,#  6 OTA,太田格之進,HONDA,19,,,,,,,,,,,,,,,,,,,,,,,,,,,,,,,
188,6_20,SF RePlay,SF RePlay,6,#  6 OTA,太田格之進,HONDA,20,,,,,,,,,,,,,,,,,,,,,,,,,,,,,,,
189,6_21,SF RePlay,SF RePlay,6,#  6 OTA,太田格之進,HONDA,21,,,,,,,,,,,,,,,,,,,,,,,,,,,,,,,
190,6_22,SF RePlay,SF RePlay,6,#  6 OTA,太田格之進,HONDA,22,,,,,,,,,,,,,,,,,,,,,,,,,,,,,,,
191,6_23,SF RePlay,SF RePlay,6,#  6 OTA,太田格之進,HONDA,23,,,,,,,,,,,,,,,,,,,,,,,,,,,,,,,
192,6_24,SF RePlay,SF RePlay,6,#  6 OTA,太田格之進,HONDA,24,,,,,,,,,,,,,,,,,,,,,,,,,,,,,,,
193,6_25,SF RePlay,SF RePlay,6,#  6 OTA,太田格之進,HONDA,25,,,,,,,,,,,,,,,,,,,,,,,,,,,,,,,
194,6_26,SF RePlay,SF RePlay,6,#  6 OTA,太田格之進,HONDA,26,,,,,,,,,,,,,,,,,,,,,,,,,,,,,,,
195,6_27,SF RePlay,SF RePlay,6,#  6 OTA,太田格之進,HONDA,27,,,,,,,,,,,,,,,,,,,,,,,,,,,,,,,
196,6_28,SF RePlay,SF RePlay,6,#  6 OTA,太田格之進,HONDA,28,,,,,,,,,,,,,,,,,,,,,,,,,,,,,,,
197,6_29,SF RePlay,SF RePlay,6,#  6 OTA,太田格之進,HONDA,29,,,,,,,,,,,,,,,,,,,,,,,,,,,,,,,
198,6_30,SF RePlay,SF RePlay,6,#  6 OTA,太田格之進,HONDA,30,,,,,,,,,,,,,,,,,,,,,,,,,,,,,,,
199,6_31,SF RePlay,SF RePlay,6,#  6 OTA,太田格之進,HONDA,31,,,,,,,,,,,,,,,,,,,,,,,,,,,,,,,
200,6_32,SF RePlay,SF RePlay,6,#  6 OTA,太田格之進,HONDA,32,,,,,,,,,,,,,,,,,,,,,,,,,,,,,,,
201,6_33,SF RePlay,SF RePlay,6,#  6 OTA,太田格之進,HONDA,33,,,,,,,,,,,,,,,,,,,,,,,,,,,,,,,
202,6_34,SF RePlay,SF RePlay,6,#  6 OTA,太田格之進,HONDA,34,,,,,,,,,,,,,,,,,,,,,,,,,,,,,,,
203,6_35,SF RePlay,SF RePlay,6,#  6 OTA,太田格之進,HONDA,35,,,,,,,,,,,,,,,,,,,,,,,,,,,,,,,
204,6_36,SF RePlay,SF RePlay,6,#  6 OTA,太田格之進,HONDA,36,,,,,,,,,,,,,,,,,,,,,,,,,,,,,,,
205,6_37,SF RePlay,SF RePlay,6,#  6 OTA,太田格之進,HONDA,37,,,,,,,,,,,,,,,,,,,,,,,,,,,,,,,
206,6_38,SF RePlay,SF RePlay,6,#  6 OTA,太田格之進,HONDA,38,,,,,,,,,,,,,,,,,,,,,,,,,,,,,,,
207,6_39,SF RePlay,SF RePlay,6,#  6 OTA,太田格之進,HONDA,39,,,,,,,,,,,,,,,,,,,,,,,,,,,,,,,
208,6_40,SF RePlay,SF RePlay,6,#  6 OTA,太田格之進,HONDA,40,,,,,,,,,,,,,,,,,,,,,,,,,,,,,,,
209,6_41,SF RePlay,SF RePlay,6,#  6 OTA,太田格之進,HONDA,41,,,,,,,,,,,,,,,,,,,,,,,,,,,,,,,
210,7_0,SF RePlay,SF RePlay,7,#  7 KOB,小林可夢偉,TOYOTA,0,8.0,24.637,27.591,,,237.88,,,,,,,,,Dry     ,Fine,green_on,41 LAPS TO GO,,,,,,,,,,,,,
211,7_1,SF RePlay,SF RePlay,7,#  7 KOB,小林可夢偉,TOYOTA,1,8.0,24.637,27.591,38.688,,309.45,01:30.9,90.916,,,,,,,Dry     ,Fine,green_on,40 LAPS TO GO,,,,,,,,,,,,,
212,7_2,SF RePlay,SF RePlay,7,#  7 KOB,小林可夢偉,TOYOTA,2,6.0,21.145,,,,309.45,01:30.9,90.916,,,,,,,Dry     ,Fine,green_on,40 LAPS TO GO,,,,,,,,,,,,,
213,7_3,SF RePlay,SF RePlay,7,#  7 KOB,小林可夢偉,TOYOTA,3,,,,,,,,,,,,,,,,,,,,,,,,,,,,,,,
214,7_4,SF RePlay,SF RePlay,7,#  7 KOB,小林可夢偉,TOYOTA,4,,,,,,,,,,,,,,,,,,,,,,,,,,,,,,,
215,7_5,SF RePlay,SF RePlay,7,#  7 KOB,小林可夢偉,TOYOTA,5,,,,,,,,,,,,,,,,,,,,,,,,,,,,,,,
216,7_6,SF RePlay,SF RePlay,7,#  7 KOB,小林可夢偉,TOYOTA,6,,,,,,,,,,,,,,,,,,,,,,,,,,,,,,,
217,7_7,SF RePlay,SF RePlay,7,#  7 KOB,小林可夢偉,TOYOTA,7,,,,,,,,,,,,,,,,,,,,,,,,,,,,,,,
218,7_8,SF RePlay,SF RePlay,7,#  7 KOB,小林可夢偉,TOYOTA,8,,,,,,,,,,,,,,,,,,,,,,,,,,,,,,,
219,7_9,SF RePlay,SF RePlay,7,#  7 KOB,小林可夢偉,TOYOTA,9,,,,,,,,,,,,,,,,,,,,,,,,,,,,,,,
220,7_10,SF RePlay,SF RePlay,7,#  7 KOB,小林可夢偉,TOYOTA,10,,,,,,,,,,,,,,,,,,,,,,,,,,,,,,,
221,7_11,SF RePlay,SF RePlay,7,#  7 KOB,小林可夢偉,TOYOTA,11,,,,,,,,,,,,,,,,,,,,,,,,,,,,,,,
222,7_12,SF RePlay,SF RePlay,7,#  7 KOB,小林可夢偉,TOYOTA,12,,,,,,,,,,,,,,,,,,,,,,,,,,,,,,,
223,7_13,SF RePlay,SF RePlay,7,#  7 KOB,小林可夢偉,TOYOTA,13,,,,,,,,,,,,,,,,,,,,,,,,,,,,,,,
224,7_14,SF RePlay,SF RePlay,7,#  7 KOB,小林可夢偉,TOYOTA,14,,,,,,,,,,,,,,,,,,,,,,,,,,,,,,,
225,7_15,SF RePlay,SF RePlay,7,#  7 KOB,小林可夢偉,TOYOTA,15,,,,,,,,,,,,,,,,,,,,,,,,,,,,,,,
226,7_16,SF RePlay,SF RePlay,7,#  7 KOB,小林可夢偉,TOYOTA,16,,,,,,,,,,,,,,,,,,,,,,,,,,,,,,,
227,7_17,SF RePlay,SF RePlay,7,#  7 KOB,小林可夢偉,TOYOTA,17,,,,,,,,,,,,,,,,,,,,,,,,,,,,,,,
228,7_18,SF RePlay,SF RePlay,7,#  7 KOB,小林可夢偉,TOYOTA,18,,,,,,,,,,,,,,,,,,,,,,,,,,,,,,,
229,7_19,SF RePlay,SF RePlay,7,#  7 KOB,小林可夢偉,TOYOTA,19,,,,,,,,,,,,,,,,,,,,,,,,,,,,,,,
230,7_20,SF RePlay,SF RePlay,7,#  7 KOB,小林可夢偉,TOYOTA,20,,,,,,,,,,,,,,,,,,,,,,,,,,,,,,,
231,7_21,SF RePlay,SF RePlay,7,#  7 KOB,小林可夢偉,TOYOTA,21,,,,,,,,,,,,,,,,,,,,,,,,,,,,,,,
232,7_22,SF RePlay,SF RePlay,7,#  7 KOB,小林可夢偉,TOYOTA,22,,,,,,,,,,,,,,,,,,,,,,,,,,,,,,,
233,7_23,SF RePlay,SF RePlay,7,#  7 KOB,小林可夢偉,TOYOTA,23,,,,,,,,,,,,,,,,,,,,,,,,,,,,,,,
234,7_24,SF RePlay,SF RePlay,7,#  7 KOB,小林可夢偉,TOYOTA,24,,,,,,,,,,,,,,,,,,,,,,,,,,,,,,,
235,7_25,SF RePlay,SF RePlay,7,#  7 KOB,小林可夢偉,TOYOTA,25,,,,,,,,,,,,,,,,,,,,,,,,,,,,,,,
236,7_26,SF RePlay,SF RePlay,7,#  7 KOB,小林可夢偉,TOYOTA,26,,,,,,,,,,,,,,,,,,,,,,,,,,,,,,,
237,7_27,SF RePlay,SF RePlay,7,#  7 KOB,小林可夢偉,TOYOTA,27,,,,,,,,,,,,,,,,,,,,,,,,,,,,,,,
238,7_28,SF RePlay,SF RePlay,7,#  7 KOB,小林可夢偉,TOYOTA,28,,,,,,,,,,,,,,,,,,,,,,,,,,,,,,,
239,7_29,SF RePlay,SF RePlay,7,#  7 KOB,小林可夢偉,TOYOTA,29,,,,,,,,,,,,,,,,,,,,,,,,,,,,,,,
240,7_30,SF RePlay,SF RePlay,7,#  7 KOB,小林可夢偉,TOYOTA,30,,,,,,,,,,,,,,,,,,,,,,,,,,,,,,,
241,7_31,SF RePlay,SF RePlay,7,#  7 KOB,小林可夢偉,TOYOTA,31,,,,,,,,,,,,,,,,,,,,,,,,,,,,,,,
242,7_32,SF RePlay,SF RePlay,7,#  7 KOB,小林可夢偉,TOYOTA,32,,,,,,,,,,,,,,,,,,,,,,,,,,,,,,,
243,7_33,SF RePlay,SF RePlay,7,#  7 KOB,小林可夢偉,TOYOTA,33,,,,,,,,,,,,,,,,,,,,,,,,,,,,,,,
244,7_34,SF RePlay,SF RePlay,7,#  7 KOB,小林可夢偉,TOYOTA,34,,,,,,,,,,,,,,,,,,,,,,,,,,,,,,,
245,7_35,SF RePlay,SF RePlay,7,#  7 KOB,小林可夢偉,TOYOTA,35,,,,,,,,,,,,,,,,,,,,,,,,,,,,,,,
246,7_36,SF RePlay,SF RePlay,7,#  7 KOB,小林可夢偉,TOYOTA,36,,,,,,,,,,,,,,,,,,,,,,,,,,,,,,,
247,7_37,SF RePlay,SF RePlay,7,#  7 KOB,小林可夢偉,TOYOTA,37,,,,,,,,,,,,,,,,,,,,,,,,,,,,,,,
248,7_38,SF RePlay,SF RePlay,7,#  7 KOB,小林可夢偉,TOYOTA,38,,,,,,,,,,,,,,,,,,,,,,,,,,,,,,,
249,7_39,SF RePlay,SF RePlay,7,#  7 KOB,小林可夢偉,TOYOTA,39,,,,,,,,,,,,,,,,,,,,,,,,,,,,,,,
250,7_40,SF RePlay,SF RePlay,7,#  7 KOB,小林可夢偉,TOYOTA,40,,,,,,,,,,,,,,,,,,,,,,,,,,,,,,,
251,7_41,SF RePlay,SF RePlay,7,#  7 KOB,小林可夢偉,TOYOTA,41,,,,,,,,,,,,,,,,,,,,,,,,,,,,,,,
252,8_0,SF RePlay,SF RePlay,8,#  8 FUK,福住仁嶺,TOYOTA,0,11.0,24.99,27.748,,,228.81,,,,,,,,,Dry     ,Fine,green_on,41 LAPS TO GO,,,,,,,,,,,,,
253,8_1,SF RePlay,SF RePlay,8,#  8 FUK,福住仁嶺,TOYOTA,1,20.0,24.99,27.748,44.054,,228.81,01:36.8,96.792,,,,,Pit,,Dry     ,Fine,green_on,40 LAPS TO GO,,,,,,,,,,,,,
254,8_2,SF RePlay,SF RePlay,8,#  8 FUK,福住仁嶺,TOYOTA,2,,,,,,,,,,,,,,,,,,,,,,,,,,,,,,,
255,8_3,SF RePlay,SF RePlay,8,#  8 FUK,福住仁嶺,TOYOTA,3,,,,,,,,,,,,,,,,,,,,,,,,,,,,,,,
256,8_4,SF RePlay,SF RePlay,8,#  8 FUK,福住仁嶺,TOYOTA,4,,,,,,,,,,,,,,,,,,,,,,,,,,,,,,,
257,8_5,SF RePlay,SF RePlay,8,#  8 FUK,福住仁嶺,TOYOTA,5,,,,,,,,,,,,,,,,,,,,,,,,,,,,,,,
258,8_6,SF RePlay,SF RePlay,8,#  8 FUK,福住仁嶺,TOYOTA,6,,,,,,,,,,,,,,,,,,,,,,,,,,,,,,,
259,8_7,SF RePlay,SF RePlay,8,#  8 FUK,福住仁嶺,TOYOTA,7,,,,,,,,,,,,,,,,,,,,,,,,,,,,,,,
260,8_8,SF RePlay,SF RePlay,8,#  8 FUK,福住仁嶺,TOYOTA,8,,,,,,,,,,,,,,,,,,,,,,,,,,,,,,,
261,8_9,SF RePlay,SF RePlay,8,#  8 FUK,福住仁嶺,TOYOTA,9,,,,,,,,,,,,,,,,,,,,,,,,,,,,,,,
262,8_10,SF RePlay,SF RePlay,8,#  8 FUK,福住仁嶺,TOYOTA,10,,,,,,,,,,,,,,,,,,,,,,,,,,,,,,,
263,8_11,SF RePlay,SF RePlay,8,#  8 FUK,福住仁嶺,TOYOTA,11,,,,,,,,,,,,,,,,,,,,,,,,,,,,,,,
264,8_12,SF RePlay,SF RePlay,8,#  8 FUK,福住仁嶺,TOYOTA,12,,,,,,,,,,,,,,,,,,,,,,,,,,,,,,,
265,8_13,SF RePlay,SF RePlay,8,#  8 FUK,福住仁嶺,TOYOTA,13,,,,,,,,,,,,,,,,,,,,,,,,,,,,,,,
266,8_14,SF RePlay,SF RePlay,8,#  8 FUK,福住仁嶺,TOYOTA,14,,,,,,,,,,,,,,,,,,,,,,,,,,,,,,,
267,8_15,SF RePlay,SF RePlay,8,#  8 FUK,福住仁嶺,TOYOTA,15,,,,,,,,,,,,,,,,,,,,,,,,,,,,,,,
268,8_16,SF RePlay,SF RePlay,8,#  8 FUK,福住仁嶺,TOYOTA,16,,,,,,,,,,,,,,,,,,,,,,,,,,,,,,,
269,8_17,SF RePlay,SF RePlay,8,#  8 FUK,福住仁嶺,TOYOTA,17,,,,,,,,,,,,,,,,,,,,,,,,,,,,,,,
270,8_18,SF RePlay,SF RePlay,8,#  8 FUK,福住仁嶺,TOYOTA,18,,,,,,,,,,,,,,,,,,,,,,,,,,,,,,,
271,8_19,SF RePlay,SF RePlay,8,#  8 FUK,福住仁嶺,TOYOTA,19,,,,,,,,,,,,,,,,,,,,,,,,,,,,,,,
272,8_20,SF RePlay,SF RePlay,8,#  8 FUK,福住仁嶺,TOYOTA,20,,,,,,,,,,,,,,,,,,,,,,,,,,,,,,,
273,8_21,SF RePlay,SF RePlay,8,#  8 FUK,福住仁嶺,TOYOTA,21,,,,,,,,,,,,,,,,,,,,,,,,,,,,,,,
274,8_22,SF RePlay,SF RePlay,8,#  8 FUK,福住仁嶺,TOYOTA,22,,,,,,,,,,,,,,,,,,,,,,,,,,,,,,,
275,8_23,SF RePlay,SF RePlay,8,#  8 FUK,福住仁嶺,TOYOTA,23,,,,,,,,,,,,,,,,,,,,,,,,,,,,,,,
276,8_24,SF RePlay,SF RePlay,8,#  8 FUK,福住仁嶺,TOYOTA,24,,,,,,,,,,,,,,,,,,,,,,,,,,,,,,,
277,8_25,SF RePlay,SF RePlay,8,#  8 FUK,福住仁嶺,TOYOTA,25,,,,,,,,,,,,,,,,,,,,,,,,,,,,,,,
278,8_26,SF RePlay,SF RePlay,8,#  8 FUK,福住仁嶺,TOYOTA,26,,,,,,,,,,,,,,,,,,,,,,,,,,,,,,,
279,8_27,SF RePlay,SF RePlay,8,#  8 FUK,福住仁嶺,TOYOTA,27,,,,,,,,,,,,,,,,,,,,,,,,,,,,,,,
280,8_28,SF RePlay,SF RePlay,8,#  8 FUK,福住仁嶺,TOYOTA,28,,,,,,,,,,,,,,,,,,,,,,,,,,,,,,,
281,8_29,SF RePlay,SF RePlay,8,#  8 FUK,福住仁嶺,TOYOTA,29,,,,,,,,,,,,,,,,,,,,,,,,,,,,,,,
282,8_30,SF RePlay,SF RePlay,8,#  8 FUK,福住仁嶺,TOYOTA,30,,,,,,,,,,,,,,,,,,,,,,,,,,,,,,,
283,8_31,SF RePlay,SF RePlay,8,#  8 FUK,福住仁嶺,TOYOTA,31,,,,,,,,,,,,,,,,,,,,,,,,,,,,,,,
284,8_32,SF RePlay,SF RePlay,8,#  8 FUK,福住仁嶺,TOYOTA,32,,,,,,,,,,,,,,,,,,,,,,,,,,,,,,,
285,8_33,SF RePlay,SF RePlay,8,#  8 FUK,福住仁嶺,TOYOTA,33,,,,,,,,,,,,,,,,,,,,,,,,,,,,,,,
286,8_34,SF RePlay,SF RePlay,8,#  8 FUK,福住仁嶺,TOYOTA,34,,,,,,,,,,,,,,,,,,,,,,,,,,,,,,,
287,8_35,SF RePlay,SF RePlay,8,#  8 FUK,福住仁嶺,TOYOTA,35,,,,,,,,,,,,,,,,,,,,,,,,,,,,,,,
288,8_36,SF RePlay,SF RePlay,8,#  8 FUK,福住仁嶺,TOYOTA,36,,,,,,,,,,,,,,,,,,,,,,,,,,,,,,,
289,8_37,SF RePlay,SF RePlay,8,#  8 FUK,福住仁嶺,TOYOTA,37,,,,,,,,,,,,,,,,,,,,,,,,,,,,,,,
290,8_38,SF RePlay,SF RePlay,8,#  8 FUK,福住仁嶺,TOYOTA,38,,,,,,,,,,,,,,,,,,,,,,,,,,,,,,,
291,8_39,SF RePlay,SF RePlay,8,#  8 FUK,福住仁嶺,TOYOTA,39,,,,,,,,,,,,,,,,,,,,,,,,,,,,,,,
292,8_40,SF RePlay,SF RePlay,8,#  8 FUK,福住仁嶺,TOYOTA,40,,,,,,,,,,,,,,,,,,,,,,,,,,,,,,,
293,8_41,SF RePlay,SF RePlay,8,#  8 FUK,福住仁嶺,TOYOTA,41,,,,,,,,,,,,,,,,,,,,,,,,,,,,,,,
294,10_0,SF RePlay,SF RePlay,10,# 10 JUJ,野田樹潤,HONDA,0,17.0,25.629,29.173,,,257.75,,,,,,,,,Dry     ,Fine,green_on,41 LAPS TO GO,,,,,,,,,,,,,
295,10_1,SF RePlay,SF RePlay,10,# 10 JUJ,野田樹潤,HONDA,1,21.0,25.629,29.173,59.543,,257.75,01:54.3,114.345,,,,,Pit,,Dry     ,Fine,green_on,40 LAPS TO GO,,,,,,,,,,,,,
296,10_2,SF RePlay,SF RePlay,10,# 10 JUJ,野田樹潤,HONDA,2,,,,,,,,,,,,,,,,,,,,,,,,,,,,,,,
297,10_3,SF RePlay,SF RePlay,10,# 10 JUJ,野田樹潤,HONDA,3,,,,,,,,,,,,,,,,,,,,,,,,,,,,,,,
298,10_4,SF RePlay,SF RePlay,10,# 10 JUJ,野田樹潤,HONDA,4,,,,,,,,,,,,,,,,,,,,,,,,,,,,,,,
299,10_5,SF RePlay,SF RePlay,10,# 10 JUJ,野田樹潤,HONDA,5,,,,,,,,,,,,,,,,,,,,,,,,,,,,,,,
300,10_6,SF RePlay,SF RePlay,10,# 10 JUJ,野田樹潤,HONDA,6,,,,,,,,,,,,,,,,,,,,,,,,,,,,,,,
301,10_7,SF RePlay,SF RePlay,10,# 10 JUJ,野田樹潤,HONDA,7,,,,,,,,,,,,,,,,,,,,,,,,,,,,,,,
302,10_8,SF RePlay,SF RePlay,10,# 10 JUJ,野田樹潤,HONDA,8,,,,,,,,,,,,,,,,,,,,,,,,,,,,,,,
303,10_9,SF RePlay,SF RePlay,10,# 10 JUJ,野田樹潤,HONDA,9,,,,,,,,,,,,,,,,,,,,,,,,,,,,,,,
304,10_10,SF RePlay,SF RePlay,10,# 10 JUJ,野田樹潤,HONDA,10,,,,,,,,,,,,,,,,,,,,,,,,,,,,,,,
305,10_11,SF RePlay,SF RePlay,10,# 10 JUJ,野田樹潤,HONDA,11,,,,,,,,,,,,,,,,,,,,,,,,,,,,,,,
306,10_12,SF RePlay,SF RePlay,10,# 10 JUJ,野田樹潤,HONDA,12,,,,,,,,,,,,,,,,,,,,,,,,,,,,,,,
307,10_13,SF RePlay,SF RePlay,10,# 10 JUJ,野田樹潤,HONDA,13,,,,,,,,,,,,,,,,,,,,,,,,,,,,,,,
308,10_14,SF RePlay,SF RePlay,10,# 10 JUJ,野田樹潤,HONDA,14,,,,,,,,,,,,,,,,,,,,,,,,,,,,,,,
309,10_15,SF RePlay,SF RePlay,10,# 10 JUJ,野田樹潤,HONDA,15,,,,,,,,,,,,,,,,,,,,,,,,,,,,,,,
310,10_16,SF RePlay,SF RePlay,10,# 10 JUJ,野田樹潤,HONDA,16,,,,,,,,,,,,,,,,,,,,,,,,,,,,,,,
311,10_17,SF RePlay,SF RePlay,10,# 10 JUJ,野田樹潤,HONDA,17,,,,,,,,,,,,,,,,,,,,,,,,,,,,,,,
312,10_18,SF RePlay,SF RePlay,10,# 10 JUJ,野田樹潤,HONDA,18,,,,,,,,,,,,,,,,,,,,,,,,,,,,,,,
313,10_19,SF RePlay,SF RePlay,10,# 10 JUJ,野田樹潤,HONDA,19,,,,,,,,,,,,,,,,,,,,,,,,,,,,,,,
314,10_20,SF RePlay,SF RePlay,10,# 10 JUJ,野田樹潤,HONDA,20,,,,,,,,,,,,,,,,,,,,,,,,,,,,,,,
315,10_21,SF RePlay,SF RePlay,10,# 10 JUJ,野田樹潤,HONDA,21,,,,,,,,,,,,,,,,,,,,,,,,,,,,,,,
316,10_22,SF RePlay,SF RePlay,10,# 10 JUJ,野田樹潤,HONDA,22,,,,,,,,,,,,,,,,,,,,,,,,,,,,,,,
317,10_23,SF RePlay,SF RePlay,10,# 10 JUJ,野田樹潤,HONDA,23,,,,,,,,,,,,,,,,,,,,,,,,,,,,,,,
318,10_24,SF RePlay,SF RePlay,10,# 10 JUJ,野田樹潤,HONDA,24,,,,,,,,,,,,,,,,,,,,,,,,,,,,,,,
319,10_25,SF RePlay,SF RePlay,10,# 10 JUJ,野田樹潤,HONDA,25,,,,,,,,,,,,,,,,,,,,,,,,,,,,,,,
320,10_26,SF RePlay,SF RePlay,10,# 10 JUJ,野田樹潤,HONDA,26,,,,,,,,,,,,,,,,,,,,,,,,,,,,,,,
321,10_27,SF RePlay,SF RePlay,10,# 10 JUJ,野田樹潤,HONDA,27,,,,,,,,,,,,,,,,,,,,,,,,,,,,,,,
322,10_28,SF RePlay,SF RePlay,10,# 10 JUJ,野田樹潤,HONDA,28,,,,,,,,,,,,,,,,,,,,,,,,,,,,,,,
323,10_29,SF RePlay,SF RePlay,10,# 10 JUJ,野田樹潤,HONDA,29,,,,,,,,,,,,,,,,,,,,,,,,,,,,,,,
324,10_30,SF RePlay,SF RePlay,10,# 10 JUJ,野田樹潤,HONDA,30,,,,,,,,,,,,,,,,,,,,,,,,,,,,,,,
325,10_31,SF RePlay,SF RePlay,10,# 10 JUJ,野田樹潤,HONDA,31,,,,,,,,,,,,,,,,,,,,,,,,,,,,,,,
326,10_32,SF RePlay,SF RePlay,10,# 10 JUJ,野田樹潤,HONDA,32,,,,,,,,,,,,,,,,,,,,,,,,,,,,,,,
327,10_33,SF RePlay,SF RePlay,10,# 10 JUJ,野田樹潤,HONDA,33,,,,,,,,,,,,,,,,,,,,,,,,,,,,,,,
328,10_34,SF RePlay,SF RePlay,10,# 10 JUJ,野田樹潤,HONDA,34,,,,,,,,,,,,,,,,,,,,,,,,,,,,,,,
329,10_35,SF RePlay,SF RePlay,10,# 10 JUJ,野田樹潤,HONDA,35,,,,,,,,,,,,,,,,,,,,,,,,,,,,,,,
330,10_36,SF RePlay,SF RePlay,10,# 10 JUJ,野田樹潤,HONDA,36,,,,,,,,,,,,,,,,,,,,,,,,,,,,,,,
331,10_37,SF RePlay,SF RePlay,10,# 10 JUJ,野田樹潤,HONDA,37,,,,,,,,,,,,,,,,,,,,,,,,,,,,,,,
332,10_38,SF RePlay,SF RePlay,10,# 10 JUJ,野田樹潤,HONDA,38,,,,,,,,,,,,,,,,,,,,,,,,,,,,,,,
333,10_39,SF RePlay,SF RePlay,10,# 10 JUJ,野田樹潤,HONDA,39,,,,,,,,,,,,,,,,,,,,,,,,,,,,,,,
334,10_40,SF RePlay,SF RePlay,10,# 10 JUJ,野田樹潤,HONDA,40,,,,,,,,,,,,,,,,,,,,,,,,,,,,,,,
335,10_41,SF RePlay,SF RePlay,10,# 10 JUJ,野田樹潤,HONDA,41,,,,,,,,,,,,,,,,,,,,,,,,,,,,,,,
336,12_0,SF RePlay,SF RePlay,12,# 12 ATS,三宅淳詞,HONDA,0,20.0,26.425,29.147,,,251.74,,,,,,,,,Dry     ,Fine,green_on,41 LAPS TO GO,,,,,,,,,,,,,
337,12_1,SF RePlay,SF RePlay,12,# 12 ATS,三宅淳詞,HONDA,1,19.0,26.425,29.147,40.893,,287.23,01:36.5,96.465,,,,,,,Dry     ,Fine,green_on,40 LAPS TO GO,,,,,,,,,,,,,
338,12_2,SF RePlay,SF RePlay,12,# 12 ATS,三宅淳詞,HONDA,2,19.0,21.405,,,,287.23,01:36.5,96.465,,,,,,,Dry     ,Fine,green_on,40 LAPS TO GO,,,,,,,,,,,,,
339,12_3,SF RePlay,SF RePlay,12,# 12 ATS,三宅淳詞,HONDA,3,,,,,,,,,,,,,,,,,,,,,,,,,,,,,,,
340,12_4,SF RePlay,SF RePlay,12,# 12 ATS,三宅淳詞,HONDA,4,,,,,,,,,,,,,,,,,,,,,,,,,,,,,,,
341,12_5,SF RePlay,SF RePlay,12,# 12 ATS,三宅淳詞,HONDA,5,,,,,,,,,,,,,,,,,,,,,,,,,,,,,,,
342,12_6,SF RePlay,SF RePlay,12,# 12 ATS,三宅淳詞,HONDA,6,,,,,,,,,,,,,,,,,,,,,,,,,,,,,,,
343,12_7,SF RePlay,SF RePlay,12,# 12 ATS,三宅淳詞,HONDA,7,,,,,,,,,,,,,,,,,,,,,,,,,,,,,,,
344,12_8,SF RePlay,SF RePlay,12,# 12 ATS,三宅淳詞,HONDA,8,,,,,,,,,,,,,,,,,,,,,,,,,,,,,,,
345,12_9,SF RePlay,SF RePlay,12,# 12 ATS,三宅淳詞,HONDA,9,,,,,,,,,,,,,,,,,,,,,,,,,,,,,,,
346,12_10,SF RePlay,SF RePlay,12,# 12 ATS,三宅淳詞,HONDA,10,,,,,,,,,,,,,,,,,,,,,,,,,,,,,,,
347,12_11,SF RePlay,SF RePlay,12,# 12 ATS,三宅淳詞,HONDA,11,,,,,,,,,,,,,,,,,,,,,,,,,,,,,,,
348,12_12,SF RePlay,SF RePlay,12,# 12 ATS,三宅淳詞,HONDA,12,,,,,,,,,,,,,,,,,,,,,,,,,,,,,,,
349,12_13,SF RePlay,SF RePlay,12,# 12 ATS,三宅淳詞,HONDA,13,,,,,,,,,,,,,,,,,,,,,,,,,,,,,,,
350,12_14,SF RePlay,SF RePlay,12,# 12 ATS,三宅淳詞,HONDA,14,,,,,,,,,,,,,,,,,,,,,,,,,,,,,,,
351,12_15,SF RePlay,SF RePlay,12,# 12 ATS,三宅淳詞,HONDA,15,,,,,,,,,,,,,,,,,,,,,,,,,,,,,,,
352,12_16,SF RePlay,SF RePlay,12,# 12 ATS,三宅淳詞,HONDA,16,,,,,,,,,,,,,,,,,,,,,,,,,,,,,,,
353,12_17,SF RePlay,SF RePlay,12,# 12 ATS,三宅淳詞,HONDA,17,,,,,,,,,,,,,,,,,,,,,,,,,,,,,,,
354,12_18,SF RePlay,SF RePlay,12,# 12 ATS,三宅淳詞,HONDA,18,,,,,,,,,,,,,,,,,,,,,,,,,,,,,,,
355,12_19,SF RePlay,SF RePlay,12,# 12 ATS,三宅淳詞,HONDA,19,,,,,,,,,,,,,,,,,,,,,,,,,,,,,,,
356,12_20,SF RePlay,SF RePlay,12,# 12 ATS,三宅淳詞,HONDA,20,,,,,,,,,,,,,,,,,,,,,,,,,,,,,,,
357,12_21,SF RePlay,SF RePlay,12,# 12 ATS,三宅淳詞,HONDA,21,,,,,,,,,,,,,,,,,,,,,,,,,,,,,,,
358,12_22,SF RePlay,SF RePlay,12,# 12 ATS,三宅淳詞,HONDA,22,,,,,,,,,,,,,,,,,,,,,,,,,,,,,,,
359,12_23,SF RePlay,SF RePlay,12,# 12 ATS,三宅淳詞,HONDA,23,,,,,,,,,,,,,,,,,,,,,,,,,,,,,,,
360,12_24,SF RePlay,SF RePlay,12,# 12 ATS,三宅淳詞,HONDA,24,,,,,,,,,,,,,,,,,,,,,,,,,,,,,,,
361,12_25,SF RePlay,SF RePlay,12,# 12 ATS,三宅淳詞,HONDA,25,,,,,,,,,,,,,,,,,,,,,,,,,,,,,,,
362,12_26,SF RePlay,SF RePlay,12,# 12 ATS,三宅淳詞,HONDA,26,,,,,,,,,,,,,,,,,,,,,,,,,,,,,,,
363,12_27,SF RePlay,SF RePlay,12,# 12 ATS,三宅淳詞,HONDA,27,,,,,,,,,,,,,,,,,,,,,,,,,,,,,,,
364,12_28,SF RePlay,SF RePlay,12,# 12 ATS,三宅淳詞,HONDA,28,,,,,,,,,,,,,,,,,,,,,,,,,,,,,,,
365,12_29,SF RePlay,SF RePlay,12,# 12 ATS,三宅淳詞,HONDA,29,,,,,,,,,,,,,,,,,,,,,,,,,,,,,,,
366,12_30,SF RePlay,SF RePlay,12,# 12 ATS,三宅淳詞,HONDA,30,,,,,,,,,,,,,,,,,,,,,,,,,,,,,,,
367,12_31,SF RePlay,SF RePlay,12,# 12 ATS,三宅淳詞,HONDA,31,,,,,,,,,,,,,,,,,,,,,,,,,,,,,,,
368,12_32,SF RePlay,SF RePlay,12,# 12 ATS,三宅淳詞,HONDA,32,,,,,,,,,,,,,,,,,,,,,,,,,,,,,,,
369,12_33,SF RePlay,SF RePlay,12,# 12 ATS,三宅淳詞,HONDA,33,,,,,,,,,,,,,,,,,,,,,,,,,,,,,,,
370,12_34,SF RePlay,SF RePlay,12,# 12 ATS,三宅淳詞,HONDA,34,,,,,,,,,,,,,,,,,,,,,,,,,,,,,,,
371,12_35,SF RePlay,SF RePlay,12,# 12 ATS,三宅淳詞,HONDA,35,,,,,,,,,,,,,,,,,,,,,,,,,,,,,,,
372,12_36,SF RePlay,SF RePlay,12,# 12 ATS,三宅淳詞,HONDA,36,,,,,,,,,,,,,,,,,,,,,,,,,,,,,,,
373,12_37,SF RePlay,SF RePlay,12,# 12 ATS,三宅淳詞,HONDA,37,,,,,,,,,,,,,,,,,,,,,,,,,,,,,,,
374,12_38,SF RePlay,SF RePlay,12,# 12 ATS,三宅淳詞,HONDA,38,,,,,,,,,,,,,,,,,,,,,,,,,,,,,,,
375,12_39,SF RePlay,SF RePlay,12,# 12 ATS,三宅淳詞,HONDA,39,,,,,,,,,,,,,,,,,,,,,,,,,,,,,,,
376,12_40,SF RePlay,SF RePlay,12,# 12 ATS,三宅淳詞,HONDA,40,,,,,,,,,,,,,,,,,,,,,,,,,,,,,,,
377,12_41,SF RePlay,SF RePlay,12,# 12 ATS,三宅淳詞,HONDA,41,,,,,,,,,,,,,,,,,,,,,,,,,,,,,,,
378,14_0,SF RePlay,SF RePlay,14,# 14 OSH,大嶋和也,TOYOTA,0,15.0,25.461,28.804,,,243.79,,,,,,,,,Dry     ,Fine,green_on,41 LAPS TO GO,,,,,,,,,,,,,
379,14_1,SF RePlay,SF RePlay,14,# 14 OSH,大嶋和也,TOYOTA,1,15.0,25.461,28.804,39.292,,305.94,01:33.6,93.557,,,,,,,Dry     ,Fine,green_on,40 LAPS TO GO,,,,,,,,,,,,,
380,14_2,SF RePlay,SF RePlay,14,# 14 OSH,大嶋和也,TOYOTA,2,15.0,21.867,,,,305.94,01:33.6,93.557,,,,,,,Dry     ,Fine,green_on,40 LAPS TO GO,,,,,,,,,,,,,
381,14_3,SF RePlay,SF RePlay,14,# 14 OSH,大嶋和也,TOYOTA,3,,,,,,,,,,,,,,,,,,,,,,,,,,,,,,,
382,14_4,SF RePlay,SF RePlay,14,# 14 OSH,大嶋和也,TOYOTA,4,,,,,,,,,,,,,,,,,,,,,,,,,,,,,,,
383,14_5,SF RePlay,SF RePlay,14,# 14 OSH,大嶋和也,TOYOTA,5,,,,,,,,,,,,,,,,,,,,,,,,,,,,,,,
384,14_6,SF RePlay,SF RePlay,14,# 14 OSH,大嶋和也,TOYOTA,6,,,,,,,,,,,,,,,,,,,,,,,,,,,,,,,
385,14_7,SF RePlay,SF RePlay,14,# 14 OSH,大嶋和也,TOYOTA,7,,,,,,,,,,,,,,,,,,,,,,,,,,,,,,,
386,14_8,SF RePlay,SF RePlay,14,# 14 OSH,大嶋和也,TOYOTA,8,,,,,,,,,,,,,,,,,,,,,,,,,,,,,,,
387,14_9,SF RePlay,SF RePlay,14,# 14 OSH,大嶋和也,TOYOTA,9,,,,,,,,,,,,,,,,,,,,,,,,,,,,,,,
388,14_10,SF RePlay,SF RePlay,14,# 14 OSH,大嶋和也,TOYOTA,10,,,,,,,,,,,,,,,,,,,,,,,,,,,,,,,
389,14_11,SF RePlay,SF RePlay,14,# 14 OSH,大嶋和也,TOYOTA,11,,,,,,,,,,,,,,,,,,,,,,,,,,,,,,,
390,14_12,SF RePlay,SF RePlay,14,# 14 OSH,大嶋和也,TOYOTA,12,,,,,,,,,,,,,,,,,,,,,,,,,,,,,,,
391,14_13,SF RePlay,SF RePlay,14,# 14 OSH,大嶋和也,TOYOTA,13,,,,,,,,,,,,,,,,,,,,,,,,,,,,,,,
392,14_14,SF RePlay,SF RePlay,14,# 14 OSH,大嶋和也,TOYOTA,14,,,,,,,,,,,,,,,,,,,,,,,,,,,,,,,
393,14_15,SF RePlay,SF RePlay,14,# 14 OSH,大嶋和也,TOYOTA,15,,,,,,,,,,,,,,,,,,,,,,,,,,,,,,,
394,14_16,SF RePlay,SF RePlay,14,# 14 OSH,大嶋和也,TOYOTA,16,,,,,,,,,,,,,,,,,,,,,,,,,,,,,,,
395,14_17,SF RePlay,SF RePlay,14,# 14 OSH,大嶋和也,TOYOTA,17,,,,,,,,,,,,,,,,,,,,,,,,,,,,,,,
396,14_18,SF RePlay,SF RePlay,14,# 14 OSH,大嶋和也,TOYOTA,18,,,,,,,,,,,,,,,,,,,,,,,,,,,,,,,
397,14_19,SF RePlay,SF RePlay,14,# 14 OSH,大嶋和也,TOYOTA,19,,,,,,,,,,,,,,,,,,,,,,,,,,,,,,,
398,14_20,SF RePlay,SF RePlay,14,# 14 OSH,大嶋和也,TOYOTA,20,,,,,,,,,,,,,,,,,,,,,,,,,,,,,,,
399,14_21,SF RePlay,SF RePlay,14,# 14 OSH,大嶋和也,TOYOTA,21,,,,,,,,,,,,,,,,,,,,,,,,,,,,,,,
400,14_22,SF RePlay,SF RePlay,14,# 14 OSH,大嶋和也,TOYOTA,22,,,,,,,,,,,,,,,,,,,,,,,,,,,,,,,
401,14_23,SF RePlay,SF RePlay,14,# 14 OSH,大嶋和也,TOYOTA,23,,,,,,,,,,,,,,,,,,,,,,,,,,,,,,,
402,14_24,SF RePlay,SF RePlay,14,# 14 OSH,大嶋和也,TOYOTA,24,,,,,,,,,,,,,,,,,,,,,,,,,,,,,,,
403,14_25,SF RePlay,SF RePlay,14,# 14 OSH,大嶋和也,TOYOTA,25,,,,,,,,,,,,,,,,,,,,,,,,,,,,,,,
404,14_26,SF RePlay,SF RePlay,14,# 14 OSH,大嶋和也,TOYOTA,26,,,,,,,,,,,,,,,,,,,,,,,,,,,,,,,
405,14_27,SF RePlay,SF RePlay,14,# 14 OSH,大嶋和也,TOYOTA,27,,,,,,,,,,,,,,,,,,,,,,,,,,,,,,,
406,14_28,SF RePlay,SF RePlay,14,# 14 OSH,大嶋和也,TOYOTA,28,,,,,,,,,,,,,,,,,,,,,,,,,,,,,,,
407,14_29,SF RePlay,SF RePlay,14,# 14 OSH,大嶋和也,TOYOTA,29,,,,,,,,,,,,,,,,,,,,,,,,,,,,,,,
408,14_30,SF RePlay,SF RePlay,14,# 14 OSH,大嶋和也,TOYOTA,30,,,,,,,,,,,,,,,,,,,,,,,,,,,,,,,
409,14_31,SF RePlay,SF RePlay,14,# 14 OSH,大嶋和也,TOYOTA,31,,,,,,,,,,,,,,,,,,,,,,,,,,,,,,,
410,14_32,SF RePlay,SF RePlay,14,# 14 OSH,大嶋和也,TOYOTA,32,,,,,,,,,,,,,,,,,,,,,,,,,,,,,,,
411,14_33,SF RePlay,SF RePlay,14,# 14 OSH,大嶋和也,TOYOTA,33,,,,,,,,,,,,,,,,,,,,,,,,,,,,,,,
412,14_34,SF RePlay,SF RePlay,14,# 14 OSH,大嶋和也,TOYOTA,34,,,,,,,,,,,,,,,,,,,,,,,,,,,,,,,
413,14_35,SF RePlay,SF RePlay,14,# 14 OSH,大嶋和也,TOYOTA,35,,,,,,,,,,,,,,,,,,,,,,,,,,,,,,,
414,14_36,SF RePlay,SF RePlay,14,# 14 OSH,大嶋和也,TOYOTA,36,,,,,,,,,,,,,,,,,,,,,,,,,,,,,,,
415,14_37,SF RePlay,SF RePlay,14,# 14 OSH,大嶋和也,TOYOTA,37,,,,,,,,,,,,,,,,,,,,,,,,,,,,,,,
416,14_38,SF RePlay,SF RePlay,14,# 14 OSH,大嶋和也,TOYOTA,38,,,,,,,,,,,,,,,,,,,,,,,,,,,,,,,
417,14_39,SF RePlay,SF RePlay,14,# 14 OSH,大嶋和也,TOYOTA,39,,,,,,,,,,,,,,,,,,,,,,,,,,,,,,,
418,14_40,SF RePlay,SF RePlay,14,# 14 OSH,大嶋和也,TOYOTA,40,,,,,,,,,,,,,,,,,,,,,,,,,,,,,,,
419,14_41,SF RePlay,SF RePlay,14,# 14 OSH,大嶋和也,TOYOTA,41,,,,,,,,,,,,,,,,,,,,,,,,,,,,,,,
420,15_0,SF RePlay,SF RePlay,15,# 15 IWA,岩佐歩夢,HONDA,0,5.0,23.867,27.252,,,231.26,,,,,,,,,Dry     ,Fine,green_on,41 LAPS TO GO,,,,,,,,,,,,,
421,15_1,SF RePlay,SF RePlay,15,# 15 IWA,岩佐歩夢,HONDA,1,5.0,23.867,27.252,38.497,,307.69,01:29.6,89.616,,,,,,,Dry     ,Fine,green_on,40 LAPS TO GO,,,,,,,,,,,,,
422,15_2,SF RePlay,SF RePlay,15,# 15 IWA,岩佐歩夢,HONDA,2,5.0,21.253,,,,307.69,01:29.6,89.616,,,,,,,Dry     ,Fine,green_on,40 LAPS TO GO,,,,,,,,,,,,,
423,15_3,SF RePlay,SF RePlay,15,# 15 IWA,岩佐歩夢,HONDA,3,,,,,,,,,,,,,,,,,,,,,,,,,,,,,,,
424,15_4,SF RePlay,SF RePlay,15,# 15 IWA,岩佐歩夢,HONDA,4,,,,,,,,,,,,,,,,,,,,,,,,,,,,,,,
425,15_5,SF RePlay,SF RePlay,15,# 15 IWA,岩佐歩夢,HONDA,5,,,,,,,,,,,,,,,,,,,,,,,,,,,,,,,
426,15_6,SF RePlay,SF RePlay,15,# 15 IWA,岩佐歩夢,HONDA,6,,,,,,,,,,,,,,,,,,,,,,,,,,,,,,,
427,15_7,SF RePlay,SF RePlay,15,# 15 IWA,岩佐歩夢,HONDA,7,,,,,,,,,,,,,,,,,,,,,,,,,,,,,,,
428,15_8,SF RePlay,SF RePlay,15,# 15 IWA,岩佐歩夢,HONDA,8,,,,,,,,,,,,,,,,,,,,,,,,,,,,,,,
429,15_9,SF RePlay,SF RePlay,15,# 15 IWA,岩佐歩夢,HONDA,9,,,,,,,,,,,,,,,,,,,,,,,,,,,,,,,
430,15_10,SF RePlay,SF RePlay,15,# 15 IWA,岩佐歩夢,HONDA,10,,,,,,,,,,,,,,,,,,,,,,,,,,,,,,,
431,15_11,SF RePlay,SF RePlay,15,# 15 IWA,岩佐歩夢,HONDA,11,,,,,,,,,,,,,,,,,,,,,,,,,,,,,,,
432,15_12,SF RePlay,SF RePlay,15,# 15 IWA,岩佐歩夢,HONDA,12,,,,,,,,,,,,,,,,,,,,,,,,,,,,,,,
433,15_13,SF RePlay,SF RePlay,15,# 15 IWA,岩佐歩夢,HONDA,13,,,,,,,,,,,,,,,,,,,,,,,,,,,,,,,
434,15_14,SF RePlay,SF RePlay,15,# 15 IWA,岩佐歩夢,HONDA,14,,,,,,,,,,,,,,,,,,,,,,,,,,,,,,,
435,15_15,SF RePlay,SF RePlay,15,# 15 IWA,岩佐歩夢,HONDA,15,,,,,,,,,,,,,,,,,,,,,,,,,,,,,,,
436,15_16,SF RePlay,SF RePlay,15,# 15 IWA,岩佐歩夢,HONDA,16,,,,,,,,,,,,,,,,,,,,,,,,,,,,,,,
437,15_17,SF RePlay,SF RePlay,15,# 15 IWA,岩佐歩夢,HONDA,17,,,,,,,,,,,,,,,,,,,,,,,,,,,,,,,
438,15_18,SF RePlay,SF RePlay,15,# 15 IWA,岩佐歩夢,HONDA,18,,,,,,,,,,,,,,,,,,,,,,,,,,,,,,,
439,15_19,SF RePlay,SF RePlay,15,# 15 IWA,岩佐歩夢,HONDA,19,,,,,,,,,,,,,,,,,,,,,,,,,,,,,,,
440,15_20,SF RePlay,SF RePlay,15,# 15 IWA,岩佐歩夢,HONDA,20,,,,,,,,,,,,,,,,,,,,,,,,,,,,,,,
441,15_21,SF RePlay,SF RePlay,15,# 15 IWA,岩佐歩夢,HONDA,21,,,,,,,,,,,,,,,,,,,,,,,,,,,,,,,
442,15_22,SF RePlay,SF RePlay,15,# 15 IWA,岩佐歩夢,HONDA,22,,,,,,,,,,,,,,,,,,,,,,,,,,,,,,,
443,15_23,SF RePlay,SF RePlay,15,# 15 IWA,岩佐歩夢,HONDA,23,,,,,,,,,,,,,,,,,,,,,,,,,,,,,,,
444,15_24,SF RePlay,SF RePlay,15,# 15 IWA,岩佐歩夢,HONDA,24,,,,,,,,,,,,,,,,,,,,,,,,,,,,,,,
445,15_25,SF RePlay,SF RePlay,15,# 15 IWA,岩佐歩夢,HONDA,25,,,,,,,,,,,,,,,,,,,,,,,,,,,,,,,
446,15_26,SF RePlay,SF RePlay,15,# 15 IWA,岩佐歩夢,HONDA,26,,,,,,,,,,,,,,,,,,,,,,,,,,,,,,,
447,15_27,SF RePlay,SF RePlay,15,# 15 IWA,岩佐歩夢,HONDA,27,,,,,,,,,,,,,,,,,,,,,,,,,,,,,,,
448,15_28,SF RePlay,SF RePlay,15,# 15 IWA,岩佐歩夢,HONDA,28,,,,,,,,,,,,,,,,,,,,,,,,,,,,,,,
449,15_29,SF RePlay,SF RePlay,15,# 15 IWA,岩佐歩夢,HONDA,29,,,,,,,,,,,,,,,,,,,,,,,,,,,,,,,
450,15_30,SF RePlay,SF RePlay,15,# 15 IWA,岩佐歩夢,HONDA,30,,,,,,,,,,,,,,,,,,,,,,,,,,,,,,,
451,15_31,SF RePlay,SF RePlay,15,# 15 IWA,岩佐歩夢,HONDA,31,,,,,,,,,,,,,,,,,,,,,,,,,,,,,,,
452,15_32,SF RePlay,SF RePlay,15,# 15 IWA,岩佐歩夢,HONDA,32,,,,,,,,,,,,,,,,,,,,,,,,,,,,,,,
453,15_33,SF RePlay,SF RePlay,15,# 15 IWA,岩佐歩夢,HONDA,33,,,,,,,,,,,,,,,,,,,,,,,,,,,,,,,
454,15_34,SF RePlay,SF RePlay,15,# 15 IWA,岩佐歩夢,HONDA,34,,,,,,,,,,,,,,,,,,,,,,,,,,,,,,,
455,15_35,SF RePlay,SF RePlay,15,# 15 IWA,岩佐歩夢,HONDA,35,,,,,,,,,,,,,,,,,,,,,,,,,,,,,,,
456,15_36,SF RePlay,SF RePlay,15,# 15 IWA,岩佐歩夢,HONDA,36,,,,,,,,,,,,,,,,,,,,,,,,,,,,,,,
457,15_37,SF RePlay,SF RePlay,15,# 15 IWA,岩佐歩夢,HONDA,37,,,,,,,,,,,,,,,,,,,,,,,,,,,,,,,
458,15_38,SF RePlay,SF RePlay,15,# 15 IWA,岩佐歩夢,HONDA,38,,,,,,,,,,,,,,,,,,,,,,,,,,,,,,,
459,15_39,SF RePlay,SF RePlay,15,# 15 IWA,岩佐歩夢,HONDA,39,,,,,,,,,,,,,,,,,,,,,,,,,,,,,,,
460,15_40,SF RePlay,SF RePlay,15,# 15 IWA,岩佐歩夢,HONDA,40,,,,,,,,,,,,,,,,,,,,,,,,,,,,,,,
461,15_41,SF RePlay,SF RePlay,15,# 15 IWA,岩佐歩夢,HONDA,41,,,,,,,,,,,,,,,,,,,,,,,,,,,,,,,
462,16_0,SF RePlay,SF RePlay,16,# 16 NOJ,野尻智紀,HONDA,0,12.0,25.021,28.335,,,231.26,,,,,,,,,Dry     ,Fine,green_on,41 LAPS TO GO,,,,,,,,,,,,,
463,16_1,SF RePlay,SF RePlay,16,# 16 NOJ,野尻智紀,HONDA,1,11.0,25.021,28.335,39.509,,305.08,01:32.9,92.865,,,,,,,Dry     ,Fine,green_on,40 LAPS TO GO,,,,,,,,,,,,,
464,16_2,SF RePlay,SF RePlay,16,# 16 NOJ,野尻智紀,HONDA,2,12.0,21.595,,,,305.08,01:32.9,92.865,,,,,,,Dry     ,Fine,green_on,40 LAPS TO GO,,,,,,,,,,,,,
465,16_3,SF RePlay,SF RePlay,16,# 16 NOJ,野尻智紀,HONDA,3,,,,,,,,,,,,,,,,,,,,,,,,,,,,,,,
466,16_4,SF RePlay,SF RePlay,16,# 16 NOJ,野尻智紀,HONDA,4,,,,,,,,,,,,,,,,,,,,,,,,,,,,,,,
467,16_5,SF RePlay,SF RePlay,16,# 16 NOJ,野尻智紀,HONDA,5,,,,,,,,,,,,,,,,,,,,,,,,,,,,,,,
468,16_6,SF RePlay,SF RePlay,16,# 16 NOJ,野尻智紀,HONDA,6,,,,,,,,,,,,,,,,,,,,,,,,,,,,,,,
469,16_7,SF RePlay,SF RePlay,16,# 16 NOJ,野尻智紀,HONDA,7,,,,,,,,,,,,,,,,,,,,,,,,,,,,,,,
470,16_8,SF RePlay,SF RePlay,16,# 16 NOJ,野尻智紀,HONDA,8,,,,,,,,,,,,,,,,,,,,,,,,,,,,,,,
471,16_9,SF RePlay,SF RePlay,16,# 16 NOJ,野尻智紀,HONDA,9,,,,,,,,,,,,,,,,,,,,,,,,,,,,,,,
472,16_10,SF RePlay,SF RePlay,16,# 16 NOJ,野尻智紀,HONDA,10,,,,,,,,,,,,,,,,,,,,,,,,,,,,,,,
473,16_11,SF RePlay,SF RePlay,16,# 16 NOJ,野尻智紀,HONDA,11,,,,,,,,,,,,,,,,,,,,,,,,,,,,,,,
474,16_12,SF RePlay,SF RePlay,16,# 16 NOJ,野尻智紀,HONDA,12,,,,,,,,,,,,,,,,,,,,,,,,,,,,,,,
475,16_13,SF RePlay,SF RePlay,16,# 16 NOJ,野尻智紀,HONDA,13,,,,,,,,,,,,,,,,,,,,,,,,,,,,,,,
476,16_14,SF RePlay,SF RePlay,16,# 16 NOJ,野尻智紀,HONDA,14,,,,,,,,,,,,,,,,,,,,,,,,,,,,,,,
477,16_15,SF RePlay,SF RePlay,16,# 16 NOJ,野尻智紀,HONDA,15,,,,,,,,,,,,,,,,,,,,,,,,,,,,,,,
478,16_16,SF RePlay,SF RePlay,16,# 16 NOJ,野尻智紀,HONDA,16,,,,,,,,,,,,,,,,,,,,,,,,,,,,,,,
479,16_17,SF RePlay,SF RePlay,16,# 16 NOJ,野尻智紀,HONDA,17,,,,,,,,,,,,,,,,,,,,,,,,,,,,,,,
480,16_18,SF RePlay,SF RePlay,16,# 16 NOJ,野尻智紀,HONDA,18,,,,,,,,,,,,,,,,,,,,,,,,,,,,,,,
481,16_19,SF RePlay,SF RePlay,16,# 16 NOJ,野尻智紀,HONDA,19,,,,,,,,,,,,,,,,,,,,,,,,,,,,,,,
482,16_20,SF RePlay,SF RePlay,16,# 16 NOJ,野尻智紀,HONDA,20,,,,,,,,,,,,,,,,,,,,,,,,,,,,,,,
483,16_21,SF RePlay,SF RePlay,16,# 16 NOJ,野尻智紀,HONDA,21,,,,,,,,,,,,,,,,,,,,,,,,,,,,,,,
484,16_22,SF RePlay,SF RePlay,16,# 16 NOJ,野尻智紀,HONDA,22,,,,,,,,,,,,,,,,,,,,,,,,,,,,,,,
485,16_23,SF RePlay,SF RePlay,16,# 16 NOJ,野尻智紀,HONDA,23,,,,,,,,,,,,,,,,,,,,,,,,,,,,,,,
486,16_24,SF RePlay,SF RePlay,16,# 16 NOJ,野尻智紀,HONDA,24,,,,,,,,,,,,,,,,,,,,,,,,,,,,,,,
487,16_25,SF RePlay,SF RePlay,16,# 16 NOJ,野尻智紀,HONDA,25,,,,,,,,,,,,,,,,,,,,,,,,,,,,,,,
488,16_26,SF RePlay,SF RePlay,16,# 16 NOJ,野尻智紀,HONDA,26,,,,,,,,,,,,,,,,,,,,,,,,,,,,,,,
489,16_27,SF RePlay,SF RePlay,16,# 16 NOJ,野尻智紀,HONDA,27,,,,,,,,,,,,,,,,,,,,,,,,,,,,,,,
490,16_28,SF RePlay,SF RePlay,16,# 16 NOJ,野尻智紀,HONDA,28,,,,,,,,,,,,,,,,,,,,,,,,,,,,,,,
491,16_29,SF RePlay,SF RePlay,16,# 16 NOJ,野尻智紀,HONDA,29,,,,,,,,,,,,,,,,,,,,,,,,,,,,,,,
492,16_30,SF RePlay,SF RePlay,16,# 16 NOJ,野尻智紀,HONDA,30,,,,,,,,,,,,,,,,,,,,,,,,,,,,,,,
493,16_31,SF RePlay,SF RePlay,16,# 16 NOJ,野尻智紀,HONDA,31,,,,,,,,,,,,,,,,,,,,,,,,,,,,,,,
494,16_32,SF RePlay,SF RePlay,16,# 16 NOJ,野尻智紀,HONDA,32,,,,,,,,,,,,,,,,,,,,,,,,,,,,,,,
495,16_33,SF RePlay,SF RePlay,16,# 16 NOJ,野尻智紀,HONDA,33,,,,,,,,,,,,,,,,,,,,,,,,,,,,,,,
496,16_34,SF RePlay,SF RePlay,16,# 16 NOJ,野尻智紀,HONDA,34,,,,,,,,,,,,,,,,,,,,,,,,,,,,,,,
497,16_35,SF RePlay,SF RePlay,16,# 16 NOJ,野尻智紀,HONDA,35,,,,,,,,,,,,,,,,,,,,,,,,,,,,,,,
498,16_36,SF RePlay,SF RePlay,16,# 16 NOJ,野尻智紀,HONDA,36,,,,,,,,,,,,,,,,,,,,,,,,,,,,,,,
499,16_37,SF RePlay,SF RePlay,16,# 16 NOJ,野尻智紀,HONDA,37,,,,,,,,,,,,,,,,,,,,,,,,,,,,,,,
500,16_38,SF RePlay,SF RePlay,16,# 16 NOJ,野尻智紀,HONDA,38,,,,,,,,,,,,,,,,,,,,,,,,,,,,,,,
501,16_39,SF RePlay,SF RePlay,16,# 16 NOJ,野尻智紀,HONDA,39,,,,,,,,,,,,,,,,,,,,,,,,,,,,,,,
502,16_40,SF RePlay,SF RePlay,16,# 16 NOJ,野尻智紀,HONDA,40,,,,,,,,,,,,,,,,,,,,,,,,,,,,,,,
503,16_41,SF RePlay,SF RePlay,16,# 16 NOJ,野尻智紀,HONDA,41,,,,,,,,,,,,,,,,,,,,,,,,,,,,,,,
504,19_0,SF RePlay,SF RePlay,19,# 19 RAS,オリバー・ラスムッセン,TOYOTA,0,14.0,25.231,28.749,,,255.92,,,,,,,,,Dry     ,Fine,green_on,41 LAPS TO GO,,,,,,,,,,,,,
505,19_1,SF RePlay,SF RePlay,19,# 19 RAS,オリバー・ラスムッセン,TOYOTA,1,14.0,25.231,28.749,39.534,,308.57,01:33.5,93.514,,,,,,,Dry     ,Fine,green_on,40 LAPS TO GO,,,,,,,,,,,,,
506,19_2,SF RePlay,SF RePlay,19,# 19 RAS,オリバー・ラスムッセン,TOYOTA,2,13.0,21.317,,,,308.57,01:33.5,93.514,,,,,,,Dry     ,Fine,green_on,40 LAPS TO GO,,,,,,,,,,,,,
507,19_3,SF RePlay,SF RePlay,19,# 19 RAS,オリバー・ラスムッセン,TOYOTA,3,,,,,,,,,,,,,,,,,,,,,,,,,,,,,,,
508,19_4,SF RePlay,SF RePlay,19,# 19 RAS,オリバー・ラスムッセン,TOYOTA,4,,,,,,,,,,,,,,,,,,,,,,,,,,,,,,,
509,19_5,SF RePlay,SF RePlay,19,# 19 RAS,オリバー・ラスムッセン,TOYOTA,5,,,,,,,,,,,,,,,,,,,,,,,,,,,,,,,
510,19_6,SF RePlay,SF RePlay,19,# 19 RAS,オリバー・ラスムッセン,TOYOTA,6,,,,,,,,,,,,,,,,,,,,,,,,,,,,,,,
511,19_7,SF RePlay,SF RePlay,19,# 19 RAS,オリバー・ラスムッセン,TOYOTA,7,,,,,,,,,,,,,,,,,,,,,,,,,,,,,,,
512,19_8,SF RePlay,SF RePlay,19,# 19 RAS,オリバー・ラスムッセン,TOYOTA,8,,,,,,,,,,,,,,,,,,,,,,,,,,,,,,,
513,19_9,SF RePlay,SF RePlay,19,# 19 RAS,オリバー・ラスムッセン,TOYOTA,9,,,,,,,,,,,,,,,,,,,,,,,,,,,,,,,
514,19_10,SF RePlay,SF RePlay,19,# 19 RAS,オリバー・ラスムッセン,TOYOTA,10,,,,,,,,,,,,,,,,,,,,,,,,,,,,,,,
515,19_11,SF RePlay,SF RePlay,19,# 19 RAS,オリバー・ラスムッセン,TOYOTA,11,,,,,,,,,,,,,,,,,,,,,,,,,,,,,,,
516,19_12,SF RePlay,SF RePlay,19,# 19 RAS,オリバー・ラスムッセン,TOYOTA,12,,,,,,,,,,,,,,,,,,,,,,,,,,,,,,,
517,19_13,SF RePlay,SF RePlay,19,# 19 RAS,オリバー・ラスムッセン,TOYOTA,13,,,,,,,,,,,,,,,,,,,,,,,,,,,,,,,
518,19_14,SF RePlay,SF RePlay,19,# 19 RAS,オリバー・ラスムッセン,TOYOTA,14,,,,,,,,,,,,,,,,,,,,,,,,,,,,,,,
519,19_15,SF RePlay,SF RePlay,19,# 19 RAS,オリバー・ラスムッセン,TOYOTA,15,,,,,,,,,,,,,,,,,,,,,,,,,,,,,,,
520,19_16,SF RePlay,SF RePlay,19,# 19 RAS,オリバー・ラスムッセン,TOYOTA,16,,,,,,,,,,,,,,,,,,,,,,,,,,,,,,,
521,19_17,SF RePlay,SF RePlay,19,# 19 RAS,オリバー・ラスムッセン,TOYOTA,17,,,,,,,,,,,,,,,,,,,,,,,,,,,,,,,
522,19_18,SF RePlay,SF RePlay,19,# 19 RAS,オリバー・ラスムッセン,TOYOTA,18,,,,,,,,,,,,,,,,,,,,,,,,,,,,,,,
523,19_19,SF RePlay,SF RePlay,19,# 19 RAS,オリバー・ラスムッセン,TOYOTA,19,,,,,,,,,,,,,,,,,,,,,,,,,,,,,,,
524,19_20,SF RePlay,SF RePlay,19,# 19 RAS,オリバー・ラスムッセン,TOYOTA,20,,,,,,,,,,,,,,,,,,,,,,,,,,,,,,,
525,19_21,SF RePlay,SF RePlay,19,# 19 RAS,オリバー・ラスムッセン,TOYOTA,21,,,,,,,,,,,,,,,,,,,,,,,,,,,,,,,
526,19_22,SF RePlay,SF RePlay,19,# 19 RAS,オリバー・ラスムッセン,TOYOTA,22,,,,,,,,,,,,,,,,,,,,,,,,,,,,,,,
527,19_23,SF RePlay,SF RePlay,19,# 19 RAS,オリバー・ラスムッセン,TOYOTA,23,,,,,,,,,,,,,,,,,,,,,,,,,,,,,,,
528,19_24,SF RePlay,SF RePlay,19,# 19 RAS,オリバー・ラスムッセン,TOYOTA,24,,,,,,,,,,,,,,,,,,,,,,,,,,,,,,,
529,19_25,SF RePlay,SF RePlay,19,# 19 RAS,オリバー・ラスムッセン,TOYOTA,25,,,,,,,,,,,,,,,,,,,,,,,,,,,,,,,
530,19_26,SF RePlay,SF RePlay,19,# 19 RAS,オリバー・ラスムッセン,TOYOTA,26,,,,,,,,,,,,,,,,,,,,,,,,,,,,,,,
531,19_27,SF RePlay,SF RePlay,19,# 19 RAS,オリバー・ラスムッセン,TOYOTA,27,,,,,,,,,,,,,,,,,,,,,,,,,,,,,,,
532,19_28,SF RePlay,SF RePlay,19,# 19 RAS,オリバー・ラスムッセン,TOYOTA,28,,,,,,,,,,,,,,,,,,,,,,,,,,,,,,,
533,19_29,SF RePlay,SF RePlay,19,# 19 RAS,オリバー・ラスムッセン,TOYOTA,29,,,,,,,,,,,,,,,,,,,,,,,,,,,,,,,
534,19_30,SF RePlay,SF RePlay,19,# 19 RAS,オリバー・ラスムッセン,TOYOTA,30,,,,,,,,,,,,,,,,,,,,,,,,,,,,,,,
535,19_31,SF RePlay,SF RePlay,19,# 19 RAS,オリバー・ラスムッセン,TOYOTA,31,,,,,,,,,,,,,,,,,,,,,,,,,,,,,,,
536,19_32,SF RePlay,SF RePlay,19,# 19 RAS,オリバー・ラスムッセン,TOYOTA,32,,,,,,,,,,,,,,,,,,,,,,,,,,,,,,,
537,19_33,SF RePlay,SF RePlay,19,# 19 RAS,オリバー・ラスムッセン,TOYOTA,33,,,,,,,,,,,,,,,,,,,,,,,,,,,,,,,
538,19_34,SF RePlay,SF RePlay,19,# 19 RAS,オリバー・ラスムッセン,TOYOTA,34,,,,,,,,,,,,,,,,,,,,,,,,,,,,,,,
539,19_35,SF RePlay,SF RePlay,19,# 19 RAS,オリバー・ラスムッセン,TOYOTA,35,,,,,,,,,,,,,,,,,,,,,,,,,,,,,,,
540,19_36,SF RePlay,SF RePlay,19,# 19 RAS,オリバー・ラスムッセン,TOYOTA,36,,,,,,,,,,,,,,,,,,,,,,,,,,,,,,,
541,19_37,SF RePlay,SF RePlay,19,# 19 RAS,オリバー・ラスムッセン,TOYOTA,37,,,,,,,,,,,,,,,,,,,,,,,,,,,,,,,
542,19_38,SF RePlay,SF RePlay,19,# 19 RAS,オリバー・ラスムッセン,TOYOTA,38,,,,,,,,,,,,,,,,,,,,,,,,,,,,,,,
543,19_39,SF RePlay,SF RePlay,19,# 19 RAS,オリバー・ラスムッセン,TOYOTA,39,,,,,,,,,,,,,,,,,,,,,,,,,,,,,,,
544,19_40,SF RePlay,SF RePlay,19,# 19 RAS,オリバー・ラスムッセン,TOYOTA,40,,,,,,,,,,,,,,,,,,,,,,,,,,,,,,,
545,19_41,SF RePlay,SF RePlay,19,# 19 RAS,オリバー・ラスムッセン,TOYOTA,41,,,,,,,,,,,,,,,,,,,,,,,,,,,,,,,
546,20_0,SF RePlay,SF RePlay,20,# 20 TAK,高星明誠,TOYOTA,0,18.0,26.157,28.854,,,253.52,,,,,,,,,Dry     ,Fine,green_on,40 LAPS TO GO,,,,,,,,,,,,,
547,20_1,SF RePlay,SF RePlay,20,# 20 TAK,高星明誠,TOYOTA,1,22.0,26.157,28.854,66.43299999999999,,253.52,02:01.4,121.444,,,,,Pit,,Dry     ,Fine,green_on,40 LAPS TO GO,,,,,,,,,,,,,
548,20_2,SF RePlay,SF RePlay,20,# 20 TAK,高星明誠,TOYOTA,2,,,,,,,,,,,,,,,,,,,,,,,,,,,,,,,
549,20_3,SF RePlay,SF RePlay,20,# 20 TAK,高星明誠,TOYOTA,3,,,,,,,,,,,,,,,,,,,,,,,,,,,,,,,
550,20_4,SF RePlay,SF RePlay,20,# 20 TAK,高星明誠,TOYOTA,4,,,,,,,,,,,,,,,,,,,,,,,,,,,,,,,
551,20_5,SF RePlay,SF RePlay,20,# 20 TAK,高星明誠,TOYOTA,5,,,,,,,,,,,,,,,,,,,,,,,,,,,,,,,
552,20_6,SF RePlay,SF RePlay,20,# 20 TAK,高星明誠,TOYOTA,6,,,,,,,,,,,,,,,,,,,,,,,,,,,,,,,
553,20_7,SF RePlay,SF RePlay,20,# 20 TAK,高星明誠,TOYOTA,7,,,,,,,,,,,,,,,,,,,,,,,,,,,,,,,
554,20_8,SF RePlay,SF RePlay,20,# 20 TAK,高星明誠,TOYOTA,8,,,,,,,,,,,,,,,,,,,,,,,,,,,,,,,
555,20_9,SF RePlay,SF RePlay,20,# 20 TAK,高星明誠,TOYOTA,9,,,,,,,,,,,,,,,,,,,,,,,,,,,,,,,
556,20_10,SF RePlay,SF RePlay,20,# 20 TAK,高星明誠,TOYOTA,10,,,,,,,,,,,,,,,,,,,,,,,,,,,,,,,
557,20_11,SF RePlay,SF RePlay,20,# 20 TAK,高星明誠,TOYOTA,11,,,,,,,,,,,,,,,,,,,,,,,,,,,,,,,
558,20_12,SF RePlay,SF RePlay,20,# 20 TAK,高星明誠,TOYOTA,12,,,,,,,,,,,,,,,,,,,,,,,,,,,,,,,
559,20_13,SF RePlay,SF RePlay,20,# 20 TAK,高星明誠,TOYOTA,13,,,,,,,,,,,,,,,,,,,,,,,,,,,,,,,
560,20_14,SF RePlay,SF RePlay,20,# 20 TAK,高星明誠,TOYOTA,14,,,,,,,,,,,,,,,,,,,,,,,,,,,,,,,
561,20_15,SF RePlay,SF RePlay,20,# 20 TAK,高星明誠,TOYOTA,15,,,,,,,,,,,,,,,,,,,,,,,,,,,,,,,
562,20_16,SF RePlay,SF RePlay,20,# 20 TAK,高星明誠,TOYOTA,16,,,,,,,,,,,,,,,,,,,,,,,,,,,,,,,
563,20_17,SF RePlay,SF RePlay,20,# 20 TAK,高星明誠,TOYOTA,17,,,,,,,,,,,,,,,,,,,,,,,,,,,,,,,
564,20_18,SF RePlay,SF RePlay,20,# 20 TAK,高星明誠,TOYOTA,18,,,,,,,,,,,,,,,,,,,,,,,,,,,,,,,
565,20_19,SF RePlay,SF RePlay,20,# 20 TAK,高星明誠,TOYOTA,19,,,,,,,,,,,,,,,,,,,,,,,,,,,,,,,
566,20_20,SF RePlay,SF RePlay,20,# 20 TAK,高星明誠,TOYOTA,20,,,,,,,,,,,,,,,,,,,,,,,,,,,,,,,
567,20_21,SF RePlay,SF RePlay,20,# 20 TAK,高星明誠,TOYOTA,21,,,,,,,,,,,,,,,,,,,,,,,,,,,,,,,
568,20_22,SF RePlay,SF RePlay,20,# 20 TAK,高星明誠,TOYOTA,22,,,,,,,,,,,,,,,,,,,,,,,,,,,,,,,
569,20_23,SF RePlay,SF RePlay,20,# 20 TAK,高星明誠,TOYOTA,23,,,,,,,,,,,,,,,,,,,,,,,,,,,,,,,
570,20_24,SF RePlay,SF RePlay,20,# 20 TAK,高星明誠,TOYOTA,24,,,,,,,,,,,,,,,,,,,,,,,,,,,,,,,
571,20_25,SF RePlay,SF RePlay,20,# 20 TAK,高星明誠,TOYOTA,25,,,,,,,,,,,,,,,,,,,,,,,,,,,,,,,
572,20_26,SF RePlay,SF RePlay,20,# 20 TAK,高星明誠,TOYOTA,26,,,,,,,,,,,,,,,,,,,,,,,,,,,,,,,
573,20_27,SF RePlay,SF RePlay,20,# 20 TAK,高星明誠,TOYOTA,27,,,,,,,,,,,,,,,,,,,,,,,,,,,,,,,
574,20_28,SF RePlay,SF RePlay,20,# 20 TAK,高星明誠,TOYOTA,28,,,,,,,,,,,,,,,,,,,,,,,,,,,,,,,
575,20_29,SF RePlay,SF RePlay,20,# 20 TAK,高星明誠,TOYOTA,29,,,,,,,,,,,,,,,,,,,,,,,,,,,,,,,
576,20_30,SF RePlay,SF RePlay,20,# 20 TAK,高星明誠,TOYOTA,30,,,,,,,,,,,,,,,,,,,,,,,,,,,,,,,
577,20_31,SF RePlay,SF RePlay,20,# 20 TAK,高星明誠,TOYOTA,31,,,,,,,,,,,,,,,,,,,,,,,,,,,,,,,
578,20_32,SF RePlay,SF RePlay,20,# 20 TAK,高星明誠,TOYOTA,32,,,,,,,,,,,,,,,,,,,,,,,,,,,,,,,
579,20_33,SF RePlay,SF RePlay,20,# 20 TAK,高星明誠,TOYOTA,33,,,,,,,,,,,,,,,,,,,,,,,,,,,,,,,
580,20_34,SF RePlay,SF RePlay,20,# 20 TAK,高星明誠,TOYOTA,34,,,,,,,,,,,,,,,,,,,,,,,,,,,,,,,
581,20_35,SF RePlay,SF RePlay,20,# 20 TAK,高星明誠,TOYOTA,35,,,,,,,,,,,,,,,,,,,,,,,,,,,,,,,
582,20_36,SF RePlay,SF RePlay,20,# 20 TAK,高星明誠,TOYOTA,36,,,,,,,,,,,,,,,,,,,,,,,,,,,,,,,
583,20_37,SF RePlay,SF RePlay,20,# 20 TAK,高星明誠,TOYOTA,37,,,,,,,,,,,,,,,,,,,,,,,,,,,,,,,
584,20_38,SF RePlay,SF RePlay,20,# 20 TAK,高星明誠,TOYOTA,38,,,,,,,,,,,,,,,,,,,,,,,,,,,,,,,
585,20_39,SF RePlay,SF RePlay,20,# 20 TAK,高星明誠,TOYOTA,39,,,,,,,,,,,,,,,,,,,,,,,,,,,,,,,
586,20_40,SF RePlay,SF RePlay,20,# 20 TAK,高星明誠,TOYOTA,40,,,,,,,,,,,,,,,,,,,,,,,,,,,,,,,
587,20_41,SF RePlay,SF RePlay,20,# 20 TAK,高星明誠,TOYOTA,41,,,,,,,,,,,,,,,,,,,,,,,,,,,,,,,
588,28_0,SF RePlay,SF RePlay,28,# 28 KOT,小高一斗,TOYOTA,0,16.0,25.812,28.48,,,254.11,,,,,,,,,Dry     ,Fine,green_on,40 LAPS TO GO,,,,,,,,,,,,,
589,28_1,SF RePlay,SF RePlay,28,# 28 KOT,小高一斗,TOYOTA,1,13.0,25.812,28.48,39.188,,304.22,01:33.5,93.48,,,,,,,Dry     ,Fine,green_on,40 LAPS TO GO,,,,,,,,,,,,,
590,28_2,SF RePlay,SF RePlay,28,# 28 KOT,小高一斗,TOYOTA,2,14.0,21.717,,,,304.22,01:33.5,93.48,,,,,,,Dry     ,Fine,green_on,40 LAPS TO GO,,,,,,,,,,,,,
591,28_3,SF RePlay,SF RePlay,28,# 28 KOT,小高一斗,TOYOTA,3,,,,,,,,,,,,,,,,,,,,,,,,,,,,,,,
592,28_4,SF RePlay,SF RePlay,28,# 28 KOT,小高一斗,TOYOTA,4,,,,,,,,,,,,,,,,,,,,,,,,,,,,,,,
593,28_5,SF RePlay,SF RePlay,28,# 28 KOT,小高一斗,TOYOTA,5,,,,,,,,,,,,,,,,,,,,,,,,,,,,,,,
594,28_6,SF RePlay,SF RePlay,28,# 28 KOT,小高一斗,TOYOTA,6,,,,,,,,,,,,,,,,,,,,,,,,,,,,,,,
595,28_7,SF RePlay,SF RePlay,28,# 28 KOT,小高一斗,TOYOTA,7,,,,,,,,,,,,,,,,,,,,,,,,,,,,,,,
596,28_8,SF RePlay,SF RePlay,28,# 28 KOT,小高一斗,TOYOTA,8,,,,,,,,,,,,,,,,,,,,,,,,,,,,,,,
597,28_9,SF RePlay,SF RePlay,28,# 28 KOT,小高一斗,TOYOTA,9,,,,,,,,,,,,,,,,,,,,,,,,,,,,,,,
598,28_10,SF RePlay,SF RePlay,28,# 28 KOT,小高一斗,TOYOTA,10,,,,,,,,,,,,,,,,,,,,,,,,,,,,,,,
599,28_11,SF RePlay,SF RePlay,28,# 28 KOT,小高一斗,TOYOTA,11,,,,,,,,,,,,,,,,,,,,,,,,,,,,,,,
600,28_12,SF RePlay,SF RePlay,28,# 28 KOT,小高一斗,TOYOTA,12,,,,,,,,,,,,,,,,,,,,,,,,,,,,,,,
601,28_13,SF RePlay,SF RePlay,28,# 28 KOT,小高一斗,TOYOTA,13,,,,,,,,,,,,,,,,,,,,,,,,,,,,,,,
602,28_14,SF RePlay,SF RePlay,28,# 28 KOT,小高一斗,TOYOTA,14,,,,,,,,,,,,,,,,,,,,,,,,,,,,,,,
603,28_15,SF RePlay,SF RePlay,28,# 28 KOT,小高一斗,TOYOTA,15,,,,,,,,,,,,,,,,,,,,,,,,,,,,,,,
604,28_16,SF RePlay,SF RePlay,28,# 28 KOT,小高一斗,TOYOTA,16,,,,,,,,,,,,,,,,,,,,,,,,,,,,,,,
605,28_17,SF RePlay,SF RePlay,28,# 28 KOT,小高一斗,TOYOTA,17,,,,,,,,,,,,,,,,,,,,,,,,,,,,,,,
606,28_18,SF RePlay,SF RePlay,28,# 28 KOT,小高一斗,TOYOTA,18,,,,,,,,,,,,,,,,,,,,,,,,,,,,,,,
607,28_19,SF RePlay,SF RePlay,28,# 28 KOT,小高一斗,TOYOTA,19,,,,,,,,,,,,,,,,,,,,,,,,,,,,,,,
608,28_20,SF RePlay,SF RePlay,28,# 28 KOT,小高一斗,TOYOTA,20,,,,,,,,,,,,,,,,,,,,,,,,,,,,,,,
609,28_21,SF RePlay,SF RePlay,28,# 28 KOT,小高一斗,TOYOTA,21,,,,,,,,,,,,,,,,,,,,,,,,,,,,,,,
610,28_22,SF RePlay,SF RePlay,28,# 28 KOT,小高一斗,TOYOTA,22,,,,,,,,,,,,,,,,,,,,,,,,,,,,,,,
611,28_23,SF RePlay,SF RePlay,28,# 28 KOT,小高一斗,TOYOTA,23,,,,,,,,,,,,,,,,,,,,,,,,,,,,,,,
612,28_24,SF RePlay,SF RePlay,28,# 28 KOT,小高一斗,TOYOTA,24,,,,,,,,,,,,,,,,,,,,,,,,,,,,,,,
613,28_25,SF RePlay,SF RePlay,28,# 28 KOT,小高一斗,TOYOTA,25,,,,,,,,,,,,,,,,,,,,,,,,,,,,,,,
614,28_26,SF RePlay,SF RePlay,28,# 28 KOT,小高一斗,TOYOTA,26,,,,,,,,,,,,,,,,,,,,,,,,,,,,,,,
615,28_27,SF RePlay,SF RePlay,28,# 28 KOT,小高一斗,TOYOTA,27,,,,,,,,,,,,,,,,,,,,,,,,,,,,,,,
616,28_28,SF RePlay,SF RePlay,28,# 28 KOT,小高一斗,TOYOTA,28,,,,,,,,,,,,,,,,,,,,,,,,,,,,,,,
617,28_29,SF RePlay,SF RePlay,28,# 28 KOT,小高一斗,TOYOTA,29,,,,,,,,,,,,,,,,,,,,,,,,,,,,,,,
618,28_30,SF RePlay,SF RePlay,28,# 28 KOT,小高一斗,TOYOTA,30,,,,,,,,,,,,,,,,,,,,,,,,,,,,,,,
619,28_31,SF RePlay,SF RePlay,28,# 28 KOT,小高一斗,TOYOTA,31,,,,,,,,,,,,,,,,,,,,,,,,,,,,,,,
620,28_32,SF RePlay,SF RePlay,28,# 28 KOT,小高一斗,TOYOTA,32,,,,,,,,,,,,,,,,,,,,,,,,,,,,,,,
621,28_33,SF RePlay,SF RePlay,28,# 28 KOT,小高一斗,TOYOTA,33,,,,,,,,,,,,,,,,,,,,,,,,,,,,,,,
622,28_34,SF RePlay,SF RePlay,28,# 28 KOT,小高一斗,TOYOTA,34,,,,,,,,,,,,,,,,,,,,,,,,,,,,,,,
623,28_35,SF RePlay,SF RePlay,28,# 28 KOT,小高一斗,TOYOTA,35,,,,,,,,,,,,,,,,,,,,,,,,,,,,,,,
624,28_36,SF RePlay,SF RePlay,28,# 28 KOT,小高一斗,TOYOTA,36,,,,,,,,,,,,,,,,,,,,,,,,,,,,,,,
625,28_37,SF RePlay,SF RePlay,28,# 28 KOT,小高一斗,TOYOTA,37,,,,,,,,,,,,,,,,,,,,,,,,,,,,,,,
626,28_38,SF RePlay,SF RePlay,28,# 28 KOT,小高一斗,TOYOTA,38,,,,,,,,,,,,,,,,,,,,,,,,,,,,,,,
627,28_39,SF RePlay,SF RePlay,28,# 28 KOT,小高一斗,TOYOTA,39,,,,,,,,,,,,,,,,,,,,,,,,,,,,,,,
628,28_40,SF RePlay,SF RePlay,28,# 28 KOT,小高一斗,TOYOTA,40,,,,,,,,,,,,,,,,,,,,,,,,,,,,,,,
629,28_41,SF RePlay,SF RePlay,28,# 28 KOT,小高一斗,TOYOTA,41,,,,,,,,,,,,,,,,,,,,,,,,,,,,,,,
630,29_0,SF RePlay,SF RePlay,29,# 29 TAI,平良響,TOYOTA,0,21.0,26.579,29.008,,,258.37,,,,,,,,,Dry     ,Fine,green_on,40 LAPS TO GO,,,,,,,,,,,,,
631,29_1,SF RePlay,SF RePlay,29,# 29 TAI,平良響,TOYOTA,1,17.0,26.579,29.008,39.789,,310.34,01:35.4,95.376,,,,,,,Dry     ,Fine,green_on,40 LAPS TO GO,,,,,,,,,,,,,
632,29_2,SF RePlay,SF RePlay,29,# 29 TAI,平良響,TOYOTA,2,17.0,21.219,,,,310.34,01:35.4,95.376,,,,,,,Dry     ,Fine,green_on,40 LAPS TO GO,,,,,,,,,,,,,
633,29_3,SF RePlay,SF RePlay,29,# 29 TAI,平良響,TOYOTA,3,,,,,,,,,,,,,,,,,,,,,,,,,,,,,,,
634,29_4,SF RePlay,SF RePlay,29,# 29 TAI,平良響,TOYOTA,4,,,,,,,,,,,,,,,,,,,,,,,,,,,,,,,
635,29_5,SF RePlay,SF RePlay,29,# 29 TAI,平良響,TOYOTA,5,,,,,,,,,,,,,,,,,,,,,,,,,,,,,,,
636,29_6,SF RePlay,SF RePlay,29,# 29 TAI,平良響,TOYOTA,6,,,,,,,,,,,,,,,,,,,,,,,,,,,,,,,
637,29_7,SF RePlay,SF RePlay,29,# 29 TAI,平良響,TOYOTA,7,,,,,,,,,,,,,,,,,,,,,,,,,,,,,,,
638,29_8,SF RePlay,SF RePlay,29,# 29 TAI,平良響,TOYOTA,8,,,,,,,,,,,,,,,,,,,,,,,,,,,,,,,
639,29_9,SF RePlay,SF RePlay,29,# 29 TAI,平良響,TOYOTA,9,,,,,,,,,,,,,,,,,,,,,,,,,,,,,,,
640,29_10,SF RePlay,SF RePlay,29,# 29 TAI,平良響,TOYOTA,10,,,,,,,,,,,,,,,,,,,,,,,,,,,,,,,
641,29_11,SF RePlay,SF RePlay,29,# 29 TAI,平良響,TOYOTA,11,,,,,,,,,,,,,,,,,,,,,,,,,,,,,,,
642,29_12,SF RePlay,SF RePlay,29,# 29 TAI,平良響,TOYOTA,12,,,,,,,,,,,,,,,,,,,,,,,,,,,,,,,
643,29_13,SF RePlay,SF RePlay,29,# 29 TAI,平良響,TOYOTA,13,,,,,,,,,,,,,,,,,,,,,,,,,,,,,,,
644,29_14,SF RePlay,SF RePlay,29,# 29 TAI,平良響,TOYOTA,14,,,,,,,,,,,,,,,,,,,,,,,,,,,,,,,
645,29_15,SF RePlay,SF RePlay,29,# 29 TAI,平良響,TOYOTA,15,,,,,,,,,,,,,,,,,,,,,,,,,,,,,,,
646,29_16,SF RePlay,SF RePlay,29,# 29 TAI,平良響,TOYOTA,16,,,,,,,,,,,,,,,,,,,,,,,,,,,,,,,
647,29_17,SF RePlay,SF RePlay,29,# 29 TAI,平良響,TOYOTA,17,,,,,,,,,,,,,,,,,,,,,,,,,,,,,,,
648,29_18,SF RePlay,SF RePlay,29,# 29 TAI,平良響,TOYOTA,18,,,,,,,,,,,,,,,,,,,,,,,,,,,,,,,
649,29_19,SF RePlay,SF RePlay,29,# 29 TAI,平良響,TOYOTA,19,,,,,,,,,,,,,,,,,,,,,,,,,,,,,,,
650,29_20,SF RePlay,SF RePlay,29,# 29 TAI,平良響,TOYOTA,20,,,,,,,,,,,,,,,,,,,,,,,,,,,,,,,
651,29_21,SF RePlay,SF RePlay,29,# 29 TAI,平良響,TOYOTA,21,,,,,,,,,,,,,,,,,,,,,,,,,,,,,,,
652,29_22,SF RePlay,SF RePlay,29,# 29 TAI,平良響,TOYOTA,22,,,,,,,,,,,,,,,,,,,,,,,,,,,,,,,
653,29_23,SF RePlay,SF RePlay,29,# 29 TAI,平良響,TOYOTA,23,,,,,,,,,,,,,,,,,,,,,,,,,,,,,,,
654,29_24,SF RePlay,SF RePlay,29,# 29 TAI,平良響,TOYOTA,24,,,,,,,,,,,,,,,,,,,,,,,,,,,,,,,
655,29_25,SF RePlay,SF RePlay,29,# 29 TAI,平良響,TOYOTA,25,,,,,,,,,,,,,,,,,,,,,,,,,,,,,,,
656,29_26,SF RePlay,SF RePlay,29,# 29 TAI,平良響,TOYOTA,26,,,,,,,,,,,,,,,,,,,,,,,,,,,,,,,
657,29_27,SF RePlay,SF RePlay,29,# 29 TAI,平良響,TOYOTA,27,,,,,,,,,,,,,,,,,,,,,,,,,,,,,,,
658,29_28,SF RePlay,SF RePlay,29,# 29 TAI,平良響,TOYOTA,28,,,,,,,,,,,,,,,,,,,,,,,,,,,,,,,
659,29_29,SF RePlay,SF RePlay,29,# 29 TAI,平良響,TOYOTA,29,,,,,,,,,,,,,,,,,,,,,,,,,,,,,,,
660,29_30,SF RePlay,SF RePlay,29,# 29 TAI,平良響,TOYOTA,30,,,,,,,,,,,,,,,,,,,,,,,,,,,,,,,
661,29_31,SF RePlay,SF RePlay,29,# 29 TAI,平良響,TOYOTA,31,,,,,,,,,,,,,,,,,,,,,,,,,,,,,,,
662,29_32,SF RePlay,SF RePlay,29,# 29 TAI,平良響,TOYOTA,32,,,,,,,,,,,,,,,,,,,,,,,,,,,,,,,
663,29_33,SF RePlay,SF RePlay,29,# 29 TAI,平良響,TOYOTA,33,,,,,,,,,,,,,,,,,,,,,,,,,,,,,,,
664,29_34,SF RePlay,SF RePlay,29,# 29 TAI,平良響,TOYOTA,34,,,,,,,,,,,,,,,,,,,,,,,,,,,,,,,
665,29_35,SF RePlay,SF RePlay,29,# 29 TAI,平良響,TOYOTA,35,,,,,,,,,,,,,,,,,,,,,,,,,,,,,,,
666,29_36,SF RePlay,SF RePlay,29,# 29 TAI,平良響,TOYOTA,36,,,,,,,,,,,,,,,,,,,,,,,,,,,,,,,
667,29_37,SF RePlay,SF RePlay,29,# 29 TAI,平良響,TOYOTA,37,,,,,,,,,,,,,,,,,,,,,,,,,,,,,,,
668,29_38,SF RePlay,SF RePlay,29,# 29 TAI,平良響,TOYOTA,38,,,,,,,,,,,,,,,,,,,,,,,,,,,,,,,
669,29_39,SF RePlay,SF RePlay,29,# 29 TAI,平良響,TOYOTA,39,,,,,,,,,,,,,,,,,,,,,,,,,,,,,,,
670,29_40,SF RePlay,SF RePlay,29,# 29 TAI,平良響,TOYOTA,40,,,,,,,,,,,,,,,,,,,,,,,,,,,,,,,
671,29_41,SF RePlay,SF RePlay,29,# 29 TAI,平良響,TOYOTA,41,,,,,,,,,,,,,,,,,,,,,,,,,,,,,,,
672,37_0,SF RePlay,SF RePlay,37,# 37 FEN,サッシャ・フェネストラズ,TOYOTA,0,9.0,24.481,27.801,,,242.15,,,,,,,,,Dry     ,Fine,green_on,41 LAPS TO GO,,,,,,,,,,,,,
673,37_1,SF RePlay,SF RePlay,37,# 37 FEN,サッシャ・フェネストラズ,TOYOTA,1,9.0,24.481,27.801,38.965,,300.0,01:31.2,91.247,,,,,,,Dry     ,Fine,green_on,40 LAPS TO GO,,,,,,,,,,,,,
674,37_2,SF RePlay,SF RePlay,37,# 37 FEN,サッシャ・フェネストラズ,TOYOTA,2,9.0,21.477,,,,300.0,01:31.2,91.247,,,,,,,Dry     ,Fine,green_on,40 LAPS TO GO,,,,,,,,,,,,,
675,37_3,SF RePlay,SF RePlay,37,# 37 FEN,サッシャ・フェネストラズ,TOYOTA,3,,,,,,,,,,,,,,,,,,,,,,,,,,,,,,,
676,37_4,SF RePlay,SF RePlay,37,# 37 FEN,サッシャ・フェネストラズ,TOYOTA,4,,,,,,,,,,,,,,,,,,,,,,,,,,,,,,,
677,37_5,SF RePlay,SF RePlay,37,# 37 FEN,サッシャ・フェネストラズ,TOYOTA,5,,,,,,,,,,,,,,,,,,,,,,,,,,,,,,,
678,37_6,SF RePlay,SF RePlay,37,# 37 FEN,サッシャ・フェネストラズ,TOYOTA,6,,,,,,,,,,,,,,,,,,,,,,,,,,,,,,,
679,37_7,SF RePlay,SF RePlay,37,# 37 FEN,サッシャ・フェネストラズ,TOYOTA,7,,,,,,,,,,,,,,,,,,,,,,,,,,,,,,,
680,37_8,SF RePlay,SF RePlay,37,# 37 FEN,サッシャ・フェネストラズ,TOYOTA,8,,,,,,,,,,,,,,,,,,,,,,,,,,,,,,,
681,37_9,SF RePlay,SF RePlay,37,# 37 FEN,サッシャ・フェネストラズ,TOYOTA,9,,,,,,,,,,,,,,,,,,,,,,,,,,,,,,,
682,37_10,SF RePlay,SF RePlay,37,# 37 FEN,サッシャ・フェネストラズ,TOYOTA,10,,,,,,,,,,,,,,,,,,,,,,,,,,,,,,,
683,37_11,SF RePlay,SF RePlay,37,# 37 FEN,サッシャ・フェネストラズ,TOYOTA,11,,,,,,,,,,,,,,,,,,,,,,,,,,,,,,,
684,37_12,SF RePlay,SF RePlay,37,# 37 FEN,サッシャ・フェネストラズ,TOYOTA,12,,,,,,,,,,,,,,,,,,,,,,,,,,,,,,,
685,37_13,SF RePlay,SF RePlay,37,# 37 FEN,サッシャ・フェネストラズ,TOYOTA,13,,,,,,,,,,,,,,,,,,,,,,,,,,,,,,,
686,37_14,SF RePlay,SF RePlay,37,# 37 FEN,サッシャ・フェネストラズ,TOYOTA,14,,,,,,,,,,,,,,,,,,,,,,,,,,,,,,,
687,37_15,SF RePlay,SF RePlay,37,# 37 FEN,サッシャ・フェネストラズ,TOYOTA,15,,,,,,,,,,,,,,,,,,,,,,,,,,,,,,,
688,37_16,SF RePlay,SF RePlay,37,# 37 FEN,サッシャ・フェネストラズ,TOYOTA,16,,,,,,,,,,,,,,,,,,,,,,,,,,,,,,,
689,37_17,SF RePlay,SF RePlay,37,# 37 FEN,サッシャ・フェネストラズ,TOYOTA,17,,,,,,,,,,,,,,,,,,,,,,,,,,,,,,,
690,37_18,SF RePlay,SF RePlay,37,# 37 FEN,サッシャ・フェネストラズ,TOYOTA,18,,,,,,,,,,,,,,,,,,,,,,,,,,,,,,,
691,37_19,SF RePlay,SF RePlay,37,# 37 FEN,サッシャ・フェネストラズ,TOYOTA,19,,,,,,,,,,,,,,,,,,,,,,,,,,,,,,,
692,37_20,SF RePlay,SF RePlay,37,# 37 FEN,サッシャ・フェネストラズ,TOYOTA,20,,,,,,,,,,,,,,,,,,,,,,,,,,,,,,,
693,37_21,SF RePlay,SF RePlay,37,# 37 FEN,サッシャ・フェネストラズ,TOYOTA,21,,,,,,,,,,,,,,,,,,,,,,,,,,,,,,,
694,37_22,SF RePlay,SF RePlay,37,# 37 FEN,サッシャ・フェネストラズ,TOYOTA,22,,,,,,,,,,,,,,,,,,,,,,,,,,,,,,,
695,37_23,SF RePlay,SF RePlay,37,# 37 FEN,サッシャ・フェネストラズ,TOYOTA,23,,,,,,,,,,,,,,,,,,,,,,,,,,,,,,,
696,37_24,SF RePlay,SF RePlay,37,# 37 FEN,サッシャ・フェネストラズ,TOYOTA,24,,,,,,,,,,,,,,,,,,,,,,,,,,,,,,,
697,37_25,SF RePlay,SF RePlay,37,# 37 FEN,サッシャ・フェネストラズ,TOYOTA,25,,,,,,,,,,,,,,,,,,,,,,,,,,,,,,,
698,37_26,SF RePlay,SF RePlay,37,# 37 FEN,サッシャ・フェネストラズ,TOYOTA,26,,,,,,,,,,,,,,,,,,,,,,,,,,,,,,,
699,37_27,SF RePlay,SF RePlay,37,# 37 FEN,サッシャ・フェネストラズ,TOYOTA,27,,,,,,,,,,,,,,,,,,,,,,,,,,,,,,,
700,37_28,SF RePlay,SF RePlay,37,# 37 FEN,サッシャ・フェネストラズ,TOYOTA,28,,,,,,,,,,,,,,,,,,,,,,,,,,,,,,,
701,37_29,SF RePlay,SF RePlay,37,# 37 FEN,サッシャ・フェネストラズ,TOYOTA,29,,,,,,,,,,,,,,,,,,,,,,,,,,,,,,,
702,37_30,SF RePlay,SF RePlay,37,# 37 FEN,サッシャ・フェネストラズ,TOYOTA,30,,,,,,,,,,,,,,,,,,,,,,,,,,,,,,,
703,37_31,SF RePlay,SF RePlay,37,# 37 FEN,サッシャ・フェネストラズ,TOYOTA,31,,,,,,,,,,,,,,,,,,,,,,,,,,,,,,,
704,37_32,SF RePlay,SF RePlay,37,# 37 FEN,サッシャ・フェネストラズ,TOYOTA,32,,,,,,,,,,,,,,,,,,,,,,,,,,,,,,,
705,37_33,SF RePlay,SF RePlay,37,# 37 FEN,サッシャ・フェネストラズ,TOYOTA,33,,,,,,,,,,,,,,,,,,,,,,,,,,,,,,,
706,37_34,SF RePlay,SF RePlay,37,# 37 FEN,サッシャ・フェネストラズ,TOYOTA,34,,,,,,,,,,,,,,,,,,,,,,,,,,,,,,,
707,37_35,SF RePlay,SF RePlay,37,# 37 FEN,サッシャ・フェネストラズ,TOYOTA,35,,,,,,,,,,,,,,,,,,,,,,,,,,,,,,,
708,37_36,SF RePlay,SF RePlay,37,# 37 FEN,サッシャ・フェネストラズ,TOYOTA,36,,,,,,,,,,,,,,,,,,,,,,,,,,,,,,,
709,37_37,SF RePlay,SF RePlay,37,# 37 FEN,サッシャ・フェネストラズ,TOYOTA,37,,,,,,,,,,,,,,,,,,,,,,,,,,,,,,,
710,37_38,SF RePlay,SF RePlay,37,# 37 FEN,サッシャ・フェネストラズ,TOYOTA,38,,,,,,,,,,,,,,,,,,,,,,,,,,,,,,,
711,37_39,SF RePlay,SF RePlay,37,# 37 FEN,サッシャ・フェネストラズ,TOYOTA,39,,,,,,,,,,,,,,,,,,,,,,,,,,,,,,,
712,37_40,SF RePlay,SF RePlay,37,# 37 FEN,サッシャ・フェネストラズ,TOYOTA,40,,,,,,,,,,,,,,,,,,,,,,,,,,,,,,,
713,37_41,SF RePlay,SF RePlay,37,# 37 FEN,サッシャ・フェネストラズ,TOYOTA,41,,,,,,,,,,,,,,,,,,,,,,,,,,,,,,,
714,38_0,SF RePlay,SF RePlay,38,# 38 SAK,阪口晴南,TOYOTA,0,10.0,24.659,27.969,,,234.27,,,,,,,,,Dry     ,Fine,green_on,40 LAPS TO GO,,,,,,,,,,,,,
715,38_1,SF RePlay,SF RePlay,38,# 38 SAK,阪口晴南,TOYOTA,1,10.0,24.659,27.969,39.102,,301.67,01:31.7,91.73,,,,,,,Dry     ,Fine,green_on,40 LAPS TO GO,,,,,,,,,,,,,
716,38_2,SF RePlay,SF RePlay,38,# 38 SAK,阪口晴南,TOYOTA,2,10.0,21.41,,,,301.67,01:31.7,91.73,,,,,,,Dry     ,Fine,green_on,40 LAPS TO GO,,,,,,,,,,,,,
717,38_3,SF RePlay,SF RePlay,38,# 38 SAK,阪口晴南,TOYOTA,3,,,,,,,,,,,,,,,,,,,,,,,,,,,,,,,
718,38_4,SF RePlay,SF RePlay,38,# 38 SAK,阪口晴南,TOYOTA,4,,,,,,,,,,,,,,,,,,,,,,,,,,,,,,,
719,38_5,SF RePlay,SF RePlay,38,# 38 SAK,阪口晴南,TOYOTA,5,,,,,,,,,,,,,,,,,,,,,,,,,,,,,,,
720,38_6,SF RePlay,SF RePlay,38,# 38 SAK,阪口晴南,TOYOTA,6,,,,,,,,,,,,,,,,,,,,,,,,,,,,,,,
721,38_7,SF RePlay,SF RePlay,38,# 38 SAK,阪口晴南,TOYOTA,7,,,,,,,,,,,,,,,,,,,,,,,,,,,,,,,
722,38_8,SF RePlay,SF RePlay,38,# 38 SAK,阪口晴南,TOYOTA,8,,,,,,,,,,,,,,,,,,,,,,,,,,,,,,,
723,38_9,SF RePlay,SF RePlay,38,# 38 SAK,阪口晴南,TOYOTA,9,,,,,,,,,,,,,,,,,,,,,,,,,,,,,,,
724,38_10,SF RePlay,SF RePlay,38,# 38 SAK,阪口晴南,TOYOTA,10,,,,,,,,,,,,,,,,,,,,,,,,,,,,,,,
725,38_11,SF RePlay,SF RePlay,38,# 38 SAK,阪口晴南,TOYOTA,11,,,,,,,,,,,,,,,,,,,,,,,,,,,,,,,
726,38_12,SF RePlay,SF RePlay,38,# 38 SAK,阪口晴南,TOYOTA,12,,,,,,,,,,,,,,,,,,,,,,,,,,,,,,,
727,38_13,SF RePlay,SF RePlay,38,# 38 SAK,阪口晴南,TOYOTA,13,,,,,,,,,,,,,,,,,,,,,,,,,,,,,,,
728,38_14,SF RePlay,SF RePlay,38,# 38 SAK,阪口晴南,TOYOTA,14,,,,,,,,,,,,,,,,,,,,,,,,,,,,,,,
729,38_15,SF RePlay,SF RePlay,38,# 38 SAK,阪口晴南,TOYOTA,15,,,,,,,,,,,,,,,,,,,,,,,,,,,,,,,
730,38_16,SF RePlay,SF RePlay,38,# 38 SAK,阪口晴南,TOYOTA,16,,,,,,,,,,,,,,,,,,,,,,,,,,,,,,,
731,38_17,SF RePlay,SF RePlay,38,# 38 SAK,阪口晴南,TOYOTA,17,,,,,,,,,,,,,,,,,,,,,,,,,,,,,,,
732,38_18,SF RePlay,SF RePlay,38,# 38 SAK,阪口晴南,TOYOTA,18,,,,,,,,,,,,,,,,,,,,,,,,,,,,,,,
733,38_19,SF RePlay,SF RePlay,38,# 38 SAK,阪口晴南,TOYOTA,19,,,,,,,,,,,,,,,,,,,,,,,,,,,,,,,
734,38_20,SF RePlay,SF RePlay,38,# 38 SAK,阪口晴南,TOYOTA,20,,,,,,,,,,,,,,,,,,,,,,,,,,,,,,,
735,38_21,SF RePlay,SF RePlay,38,# 38 SAK,阪口晴南,TOYOTA,21,,,,,,,,,,,,,,,,,,,,,,,,,,,,,,,
736,38_22,SF RePlay,SF RePlay,38,# 38 SAK,阪口晴南,TOYOTA,22,,,,,,,,,,,,,,,,,,,,,,,,,,,,,,,
737,38_23,SF RePlay,SF RePlay,38,# 38 SAK,阪口晴南,TOYOTA,23,,,,,,,,,,,,,,,,,,,,,,,,,,,,,,,
738,38_24,SF RePlay,SF RePlay,38,# 38 SAK,阪口晴南,TOYOTA,24,,,,,,,,,,,,,,,,,,,,,,,,,,,,,,,
739,38_25,SF RePlay,SF RePlay,38,# 38 SAK,阪口晴南,TOYOTA,25,,,,,,,,,,,,,,,,,,,,,,,,,,,,,,,
740,38_26,SF RePlay,SF RePlay,38,# 38 SAK,阪口晴南,TOYOTA,26,,,,,,,,,,,,,,,,,,,,,,,,,,,,,,,
741,38_27,SF RePlay,SF RePlay,38,# 38 SAK,阪口晴南,TOYOTA,27,,,,,,,,,,,,,,,,,,,,,,,,,,,,,,,
742,38_28,SF RePlay,SF RePlay,38,# 38 SAK,阪口晴南,TOYOTA,28,,,,,,,,,,,,,,,,,,,,,,,,,,,,,,,
743,38_29,SF RePlay,SF RePlay,38,# 38 SAK,阪口晴南,TOYOTA,29,,,,,,,,,,,,,,,,,,,,,,,,,,,,,,,
744,38_30,SF RePlay,SF RePlay,38,# 38 SAK,阪口晴南,TOYOTA,30,,,,,,,,,,,,,,,,,,,,,,,,,,,,,,,
745,38_31,SF RePlay,SF RePlay,38,# 38 SAK,阪口晴南,TOYOTA,31,,,,,,,,,,,,,,,,,,,,,,,,,,,,,,,
746,38_32,SF RePlay,SF RePlay,38,# 38 SAK,阪口晴南,TOYOTA,32,,,,,,,,,,,,,,,,,,,,,,,,,,,,,,,
747,38_33,SF RePlay,SF RePlay,38,# 38 SAK,阪口晴南,TOYOTA,33,,,,,,,,,,,,,,,,,,,,,,,,,,,,,,,
748,38_34,SF RePlay,SF RePlay,38,# 38 SAK,阪口晴南,TOYOTA,34,,,,,,,,,,,,,,,,,,,,,,,,,,,,,,,
749,38_35,SF RePlay,SF RePlay,38,# 38 SAK,阪口晴南,TOYOTA,35,,,,,,,,,,,,,,,,,,,,,,,,,,,,,,,
750,38_36,SF RePlay,SF RePlay,38,# 38 SAK,阪口晴南,TOYOTA,36,,,,,,,,,,,,,,,,,,,,,,,,,,,,,,,
751,38_37,SF RePlay,SF RePlay,38,# 38 SAK,阪口晴南,TOYOTA,37,,,,,,,,,,,,,,,,,,,,,,,,,,,,,,,
752,38_38,SF RePlay,SF RePlay,38,# 38 SAK,阪口晴南,TOYOTA,38,,,,,,,,,,,,,,,,,,,,,,,,,,,,,,,
753,38_39,SF RePlay,SF RePlay,38,# 38 SAK,阪口晴南,TOYOTA,39,,,,,,,,,,,,,,,,,,,,,,,,,,,,,,,
754,38_40,SF RePlay,SF RePlay,38,# 38 SAK,阪口晴南,TOYOTA,40,,,,,,,,,,,,,,,,,,,,,,,,,,,,,,,
755,38_41,SF RePlay,SF RePlay,38,# 38 SAK,阪口晴南,TOYOTA,41,,,,,,,,,,,,,,,,,,,,,,,,,,,,,,,
756,39_0,SF RePlay,SF RePlay,39,# 39 OYU,大湯都史樹,TOYOTA,0,3.0,23.24,26.961,,,231.75,,,,,,,,,Dry     ,Fine,green_on,40 LAPS TO GO,,,,,,,,,,,,,
757,39_1,SF RePlay,SF RePlay,39,# 39 OYU,大湯都史樹,TOYOTA,1,3.0,23.24,26.961,38.173,,306.81,01:28.4,88.374,,,,,,,Dry     ,Fine,green_on,40 LAPS TO GO,,,,,,,,,,,,,
758,39_2,SF RePlay,SF RePlay,39,# 39 OYU,大湯都史樹,TOYOTA,2,3.0,21.235,,,,306.81,01:28.4,88.374,,,,,,,Dry     ,Fine,green_on,40 LAPS TO GO,,,,,,,,,,,,,
759,39_3,SF RePlay,SF RePlay,39,# 39 OYU,大湯都史樹,TOYOTA,3,,,,,,,,,,,,,,,,,,,,,,,,,,,,,,,
760,39_4,SF RePlay,SF RePlay,39,# 39 OYU,大湯都史樹,TOYOTA,4,,,,,,,,,,,,,,,,,,,,,,,,,,,,,,,
761,39_5,SF RePlay,SF RePlay,39,# 39 OYU,大湯都史樹,TOYOTA,5,,,,,,,,,,,,,,,,,,,,,,,,,,,,,,,
762,39_6,SF RePlay,SF RePlay,39,# 39 OYU,大湯都史樹,TOYOTA,6,,,,,,,,,,,,,,,,,,,,,,,,,,,,,,,
763,39_7,SF RePlay,SF RePlay,39,# 39 OYU,大湯都史樹,TOYOTA,7,,,,,,,,,,,,,,,,,,,,,,,,,,,,,,,
764,39_8,SF RePlay,SF RePlay,39,# 39 OYU,大湯都史樹,TOYOTA,8,,,,,,,,,,,,,,,,,,,,,,,,,,,,,,,
765,39_9,SF RePlay,SF RePlay,39,# 39 OYU,大湯都史樹,TOYOTA,9,,,,,,,,,,,,,,,,,,,,,,,,,,,,,,,
766,39_10,SF RePlay,SF RePlay,39,# 39 OYU,大湯都史樹,TOYOTA,10,,,,,,,,,,,,,,,,,,,,,,,,,,,,,,,
767,39_11,SF RePlay,SF RePlay,39,# 39 OYU,大湯都史樹,TOYOTA,11,,,,,,,,,,,,,,,,,,,,,,,,,,,,,,,
768,39_12,SF RePlay,SF RePlay,39,# 39 OYU,大湯都史樹,TOYOTA,12,,,,,,,,,,,,,,,,,,,,,,,,,,,,,,,
769,39_13,SF RePlay,SF RePlay,39,# 39 OYU,大湯都史樹,TOYOTA,13,,,,,,,,,,,,,,,,,,,,,,,,,,,,,,,
770,39_14,SF RePlay,SF RePlay,39,# 39 OYU,大湯都史樹,TOYOTA,14,,,,,,,,,,,,,,,,,,,,,,,,,,,,,,,
771,39_15,SF RePlay,SF RePlay,39,# 39 OYU,大湯都史樹,TOYOTA,15,,,,,,,,,,,,,,,,,,,,,,,,,,,,,,,
772,39_16,SF RePlay,SF RePlay,39,# 39 OYU,大湯都史樹,TOYOTA,16,,,,,,,,,,,,,,,,,,,,,,,,,,,,,,,
773,39_17,SF RePlay,SF RePlay,39,# 39 OYU,大湯都史樹,TOYOTA,17,,,,,,,,,,,,,,,,,,,,,,,,,,,,,,,
774,39_18,SF RePlay,SF RePlay,39,# 39 OYU,大湯都史樹,TOYOTA,18,,,,,,,,,,,,,,,,,,,,,,,,,,,,,,,
775,39_19,SF RePlay,SF RePlay,39,# 39 OYU,大湯都史樹,TOYOTA,19,,,,,,,,,,,,,,,,,,,,,,,,,,,,,,,
776,39_20,SF RePlay,SF RePlay,39,# 39 OYU,大湯都史樹,TOYOTA,20,,,,,,,,,,,,,,,,,,,,,,,,,,,,,,,
777,39_21,SF RePlay,SF RePlay,39,# 39 OYU,大湯都史樹,TOYOTA,21,,,,,,,,,,,,,,,,,,,,,,,,,,,,,,,
778,39_22,SF RePlay,SF RePlay,39,# 39 OYU,大湯都史樹,TOYOTA,22,,,,,,,,,,,,,,,,,,,,,,,,,,,,,,,
779,39_23,SF RePlay,SF RePlay,39,# 39 OYU,大湯都史樹,TOYOTA,23,,,,,,,,,,,,,,,,,,,,,,,,,,,,,,,
780,39_24,SF RePlay,SF RePlay,39,# 39 OYU,大湯都史樹,TOYOTA,24,,,,,,,,,,,,,,,,,,,,,,,,,,,,,,,
781,39_25,SF RePlay,SF RePlay,39,# 39 OYU,大湯都史樹,TOYOTA,25,,,,,,,,,,,,,,,,,,,,,,,,,,,,,,,
782,39_26,SF RePlay,SF RePlay,39,# 39 OYU,大湯都史樹,TOYOTA,26,,,,,,,,,,,,,,,,,,,,,,,,,,,,,,,
783,39_27,SF RePlay,SF RePlay,39,# 39 OYU,大湯都史樹,TOYOTA,27,,,,,,,,,,,,,,,,,,,,,,,,,,,,,,,
784,39_28,SF RePlay,SF RePlay,39,# 39 OYU,大湯都史樹,TOYOTA,28,,,,,,,,,,,,,,,,,,,,,,,,,,,,,,,
785,39_29,SF RePlay,SF RePlay,39,# 39 OYU,大湯都史樹,TOYOTA,29,,,,,,,,,,,,,,,,,,,,,,,,,,,,,,,
786,39_30,SF RePlay,SF RePlay,39,# 39 OYU,大湯都史樹,TOYOTA,30,,,,,,,,,,,,,,,,,,,,,,,,,,,,,,,
787,39_31,SF RePlay,SF RePlay,39,# 39 OYU,大湯都史樹,TOYOTA,31,,,,,,,,,,,,,,,,,,,,,,,,,,,,,,,
788,39_32,SF RePlay,SF RePlay,39,# 39 OYU,大湯都史樹,TOYOTA,32,,,,,,,,,,,,,,,,,,,,,,,,,,,,,,,
789,39_33,SF RePlay,SF RePlay,39,# 39 OYU,大湯都史樹,TOYOTA,33,,,,,,,,,,,,,,,,,,,,,,,,,,,,,,,
790,39_34,SF RePlay,SF RePlay,39,# 39 OYU,大湯都史樹,TOYOTA,34,,,,,,,,,,,,,,,,,,,,,,,,,,,,,,,
791,39_35,SF RePlay,SF RePlay,39,# 39 OYU,大湯都史樹,TOYOTA,35,,,,,,,,,,,,,,,,,,,,,,,,,,,,,,,
792,39_36,SF RePlay,SF RePlay,39,# 39 OYU,大湯都史樹,TOYOTA,36,,,,,,,,,,,,,,,,,,,,,,,,,,,,,,,
793,39_37,SF RePlay,SF RePlay,39,# 39 OYU,大湯都史樹,TOYOTA,37,,,,,,,,,,,,,,,,,,,,,,,,,,,,,,,
794,39_38,SF RePlay,SF RePlay,39,# 39 OYU,大湯都史樹,TOYOTA,38,,,,,,,,,,,,,,,,,,,,,,,,,,,,,,,
795,39_39,SF RePlay,SF RePlay,39,# 39 OYU,大湯都史樹,TOYOTA,39,,,,,,,,,,,,,,,,,,,,,,,,,,,,,,,
796,39_40,SF RePlay,SF RePlay,39,# 39 OYU,大湯都史樹,TOYOTA,40,,,,,,,,,,,,,,,,,,,,,,,,,,,,,,,
797,39_41,SF RePlay,SF RePlay,39,# 39 OYU,大湯都史樹,TOYOTA,41,,,,,,,,,,,,,,,,,,,,,,,,,,,,,,,
798,50_0,SF RePlay,SF RePlay,50,# 50 KOI,小出峻,HONDA,0,22.0,26.806,29.079,,,227.84,,,,,,,,,Dry     ,Fine,green_on,40 LAPS TO GO,,,,,,,,,,,,,
799,50_1,SF RePlay,SF RePlay,50,# 50 KOI,小出峻,HONDA,1,18.0,26.806,29.079,40.046,,303.37,01:35.9,95.931,,,,,,,Dry     ,Fine,green_on,40 LAPS TO GO,,,,,,,,,,,,,
800,50_2,SF RePlay,SF RePlay,50,# 50 KOI,小出峻,HONDA,2,18.0,21.346,,,,303.37,01:35.9,95.931,,,,,,,Dry     ,Fine,green_on,40 LAPS TO GO,,,,,,,,,,,,,
801,50_3,SF RePlay,SF RePlay,50,# 50 KOI,小出峻,HONDA,3,,,,,,,,,,,,,,,,,,,,,,,,,,,,,,,
802,50_4,SF RePlay,SF RePlay,50,# 50 KOI,小出峻,HONDA,4,,,,,,,,,,,,,,,,,,,,,,,,,,,,,,,
803,50_5,SF RePlay,SF RePlay,50,# 50 KOI,小出峻,HONDA,5,,,,,,,,,,,,,,,,,,,,,,,,,,,,,,,
804,50_6,SF RePlay,SF RePlay,50,# 50 KOI,小出峻,HONDA,6,,,,,,,,,,,,,,,,,,,,,,,,,,,,,,,
805,50_7,SF RePlay,SF RePlay,50,# 50 KOI,小出峻,HONDA,7,,,,,,,,,,,,,,,,,,,,,,,,,,,,,,,
806,50_8,SF RePlay,SF RePlay,50,# 50 KOI,小出峻,HONDA,8,,,,,,,,,,,,,,,,,,,,,,,,,,,,,,,
807,50_9,SF RePlay,SF RePlay,50,# 50 KOI,小出峻,HONDA,9,,,,,,,,,,,,,,,,,,,,,,,,,,,,,,,
808,50_10,SF RePlay,SF RePlay,50,# 50 KOI,小出峻,HONDA,10,,,,,,,,,,,,,,,,,,,,,,,,,,,,,,,
809,50_11,SF RePlay,SF RePlay,50,# 50 KOI,小出峻,HONDA,11,,,,,,,,,,,,,,,,,,,,,,,,,,,,,,,
810,50_12,SF RePlay,SF RePlay,50,# 50 KOI,小出峻,HONDA,12,,,,,,,,,,,,,,,,,,,,,,,,,,,,,,,
811,50_13,SF RePlay,SF RePlay,50,# 50 KOI,小出峻,HONDA,13,,,,,,,,,,,,,,,,,,,,,,,,,,,,,,,
812,50_14,SF RePlay,SF RePlay,50,# 50 KOI,小出峻,HONDA,14,,,,,,,,,,,,,,,,,,,,,,,,,,,,,,,
813,50_15,SF RePlay,SF RePlay,50,# 50 KOI,小出峻,HONDA,15,,,,,,,,,,,,,,,,,,,,,,,,,,,,,,,
814,50_16,SF RePlay,SF RePlay,50,# 50 KOI,小出峻,HONDA,16,,,,,,,,,,,,,,,,,,,,,,,,,,,,,,,
815,50_17,SF RePlay,SF RePlay,50,# 50 KOI,小出峻,HONDA,17,,,,,,,,,,,,,,,,,,,,,,,,,,,,,,,
816,50_18,SF RePlay,SF RePlay,50,# 50 KOI,小出峻,HONDA,18,,,,,,,,,,,,,,,,,,,,,,,,,,,,,,,
817,50_19,SF RePlay,SF RePlay,50,# 50 KOI,小出峻,HONDA,19,,,,,,,,,,,,,,,,,,,,,,,,,,,,,,,
818,50_20,SF RePlay,SF RePlay,50,# 50 KOI,小出峻,HONDA,20,,,,,,,,,,,,,,,,,,,,,,,,,,,,,,,
819,50_21,SF RePlay,SF RePlay,50,# 50 KOI,小出峻,HONDA,21,,,,,,,,,,,,,,,,,,,,,,,,,,,,,,,
820,50_22,SF RePlay,SF RePlay,50,# 50 KOI,小出峻,HONDA,22,,,,,,,,,,,,,,,,,,,,,,,,,,,,,,,
821,50_23,SF RePlay,SF RePlay,50,# 50 KOI,小出峻,HONDA,23,,,,,,,,,,,,,,,,,,,,,,,,,,,,,,,
822,50_24,SF RePlay,SF RePlay,50,# 50 KOI,小出峻,HONDA,24,,,,,,,,,,,,,,,,,,,,,,,,,,,,,,,
823,50_25,SF RePlay,SF RePlay,50,# 50 KOI,小出峻,HONDA,25,,,,,,,,,,,,,,,,,,,,,,,,,,,,,,,
824,50_26,SF RePlay,SF RePlay,50,# 50 KOI,小出峻,HONDA,26,,,,,,,,,,,,,,,,,,,,,,,,,,,,,,,
825,50_27,SF RePlay,SF RePlay,50,# 50 KOI,小出峻,HONDA,27,,,,,,,,,,,,,,,,,,,,,,,,,,,,,,,
826,50_28,SF RePlay,SF RePlay,50,# 50 KOI,小出峻,HONDA,28,,,,,,,,,,,,,,,,,,,,,,,,,,,,,,,
827,50_29,SF RePlay,SF RePlay,50,# 50 KOI,小出峻,HONDA,29,,,,,,,,,,,,,,,,,,,,,,,,,,,,,,,
828,50_30,SF RePlay,SF RePlay,50,# 50 KOI,小出峻,HONDA,30,,,,,,,,,,,,,,,,,,,,,,,,,,,,,,,
829,50_31,SF RePlay,SF RePlay,50,# 50 KOI,小出峻,HONDA,31,,,,,,,,,,,,,,,,,,,,,,,,,,,,,,,
830,50_32,SF RePlay,SF RePlay,50,# 50 KOI,小出峻,HONDA,32,,,,,,,,,,,,,,,,,,,,,,,,,,,,,,,
831,50_33,SF RePlay,SF RePlay,50,# 50 KOI,小出峻,HONDA,33,,,,,,,,,,,,,,,,,,,,,,,,,,,,,,,
832,50_34,SF RePlay,SF RePlay,50,# 50 KOI,小出峻,HONDA,34,,,,,,,,,,,,,,,,,,,,,,,,,,,,,,,
833,50_35,SF RePlay,SF RePlay,50,# 50 KOI,小出峻,HONDA,35,,,,,,,,,,,,,,,,,,,,,,,,,,,,,,,
834,50_36,SF RePlay,SF RePlay,50,# 50 KOI,小出峻,HONDA,36,,,,,,,,,,,,,,,,,,,,,,,,,,,,,,,
835,50_37,SF RePlay,SF RePlay,50,# 50 KOI,小出峻,HONDA,37,,,,,,,,,,,,,,,,,,,,,,,,,,,,,,,
836,50_38,SF RePlay,SF RePlay,50,# 50 KOI,小出峻,HONDA,38,,,,,,,,,,,,,,,,,,,,,,,,,,,,,,,
837,50_39,SF RePlay,SF RePlay,50,# 50 KOI,小出峻,HONDA,39,,,,,,,,,,,,,,,,,,,,,,,,,,,,,,,
838,50_40,SF RePlay,SF RePlay,50,# 50 KOI,小出峻,HONDA,40,,,,,,,,,,,,,,,,,,,,,,,,,,,,,,,
839,50_41,SF RePlay,SF RePlay,50,# 50 KOI,小出峻,HONDA,41,,,,,,,,,,,,,,,,,,,,,,,,,,,,,,,
840,64_0,SF RePlay,SF RePlay,64,# 64 REN,佐藤蓮,HONDA,0,4.0,23.508,27.189,,,225.46,,,,,,,,,Dry     ,Fine,green_on,40 LAPS TO GO,,,,,,,,,,,,,
841,64_1,SF RePlay,SF RePlay,64,# 64 REN,佐藤蓮,HONDA,1,4.0,23.508,27.189,38.554,,300.0,01:29.3,89.251,,,,,,,Dry     ,Fine,green_on,40 LAPS TO GO,,,,,,,,,,,,,
842,64_2,SF RePlay,SF RePlay,64,# 64 REN,佐藤蓮,HONDA,2,4.0,21.224,,,,300.0,01:29.3,89.251,,,,,,,Dry     ,Fine,green_on,40 LAPS TO GO,,,,,,,,,,,,,
843,64_3,SF RePlay,SF RePlay,64,# 64 REN,佐藤蓮,HONDA,3,,,,,,,,,,,,,,,,,,,,,,,,,,,,,,,
844,64_4,SF RePlay,SF RePlay,64,# 64 REN,佐藤蓮,HONDA,4,,,,,,,,,,,,,,,,,,,,,,,,,,,,,,,
845,64_5,SF RePlay,SF RePlay,64,# 64 REN,佐藤蓮,HONDA,5,,,,,,,,,,,,,,,,,,,,,,,,,,,,,,,
846,64_6,SF RePlay,SF RePlay,64,# 64 REN,佐藤蓮,HONDA,6,,,,,,,,,,,,,,,,,,,,,,,,,,,,,,,
847,64_7,SF RePlay,SF RePlay,64,# 64 REN,佐藤蓮,HONDA,7,,,,,,,,,,,,,,,,,,,,,,,,,,,,,,,
848,64_8,SF RePlay,SF RePlay,64,# 64 REN,佐藤蓮,HONDA,8,,,,,,,,,,,,,,,,,,,,,,,,,,,,,,,
849,64_9,SF RePlay,SF RePlay,64,# 64 REN,佐藤蓮,HONDA,9,,,,,,,,,,,,,,,,,,,,,,,,,,,,,,,
850,64_10,SF RePlay,SF RePlay,64,# 64 REN,佐藤蓮,HONDA,10,,,,,,,,,,,,,,,,,,,,,,,,,,,,,,,
851,64_11,SF RePlay,SF RePlay,64,# 64 REN,佐藤蓮,HONDA,11,,,,,,,,,,,,,,,,,,,,,,,,,,,,,,,
852,64_12,SF RePlay,SF RePlay,64,# 64 REN,佐藤蓮,HONDA,12,,,,,,,,,,,,,,,,,,,,,,,,,,,,,,,
853,64_13,SF RePlay,SF RePlay,64,# 64 REN,佐藤蓮,HONDA,13,,,,,,,,,,,,,,,,,,,,,,,,,,,,,,,
854,64_14,SF RePlay,SF RePlay,64,# 64 REN,佐藤蓮,HONDA,14,,,,,,,,,,,,,,,,,,,,,,,,,,,,,,,
855,64_15,SF RePlay,SF RePlay,64,# 64 REN,佐藤蓮,HONDA,15,,,,,,,,,,,,,,,,,,,,,,,,,,,,,,,
856,64_16,SF RePlay,SF RePlay,64,# 64 REN,佐藤蓮,HONDA,16,,,,,,,,,,,,,,,,,,,,,,,,,,,,,,,
857,64_17,SF RePlay,SF RePlay,64,# 64 REN,佐藤蓮,HONDA,17,,,,,,,,,,,,,,,,,,,,,,,,,,,,,,,
858,64_18,SF RePlay,SF RePlay,64,# 64 REN,佐藤蓮,HONDA,18,,,,,,,,,,,,,,,,,,,,,,,,,,,,,,,
859,64_19,SF RePlay,SF RePlay,64,# 64 REN,佐藤蓮,HONDA,19,,,,,,,,,,,,,,,,,,,,,,,,,,,,,,,
860,64_20,SF RePlay,SF RePlay,64,# 64 REN,佐藤蓮,HONDA,20,,,,,,,,,,,,,,,,,,,,,,,,,,,,,,,
861,64_21,SF RePlay,SF RePlay,64,# 64 REN,佐藤蓮,HONDA,21,,,,,,,,,,,,,,,,,,,,,,,,,,,,,,,
862,64_22,SF RePlay,SF RePlay,64,# 64 REN,佐藤蓮,HONDA,22,,,,,,,,,,,,,,,,,,,,,,,,,,,,,,,
863,64_23,SF RePlay,SF RePlay,64,# 64 REN,佐藤蓮,HONDA,23,,,,,,,,,,,,,,,,,,,,,,,,,,,,,,,
864,64_24,SF RePlay,SF RePlay,64,# 64 REN,佐藤蓮,HONDA,24,,,,,,,,,,,,,,,,,,,,,,,,,,,,,,,
865,64_25,SF RePlay,SF RePlay,64,# 64 REN,佐藤蓮,HONDA,25,,,,,,,,,,,,,,,,,,,,,,,,,,,,,,,
866,64_26,SF RePlay,SF RePlay,64,# 64 REN,佐藤蓮,HONDA,26,,,,,,,,,,,,,,,,,,,,,,,,,,,,,,,
867,64_27,SF RePlay,SF RePlay,64,# 64 REN,佐藤蓮,HONDA,27,,,,,,,,,,,,,,,,,,,,,,,,,,,,,,,
868,64_28,SF RePlay,SF RePlay,64,# 64 REN,佐藤蓮,HONDA,28,,,,,,,,,,,,,,,,,,,,,,,,,,,,,,,
869,64_29,SF RePlay,SF RePlay,64,# 64 REN,佐藤蓮,HONDA,29,,,,,,,,,,,,,,,,,,,,,,,,,,,,,,,
870,64_30,SF RePlay,SF RePlay,64,# 64 REN,佐藤蓮,HONDA,30,,,,,,,,,,,,,,,,,,,,,,,,,,,,,,,
871,64_31,SF RePlay,SF RePlay,64,# 64 REN,佐藤蓮,HONDA,31,,,,,,,,,,,,,,,,,,,,,,,,,,,,,,,
872,64_32,SF RePlay,SF RePlay,64,# 64 REN,佐藤蓮,HONDA,32,,,,,,,,,,,,,,,,,,,,,,,,,,,,,,,
873,64_33,SF RePlay,SF RePlay,64,# 64 REN,佐藤蓮,HONDA,33,,,,,,,,,,,,,,,,,,,,,,,,,,,,,,,
874,64_34,SF RePlay,SF RePlay,64,# 64 REN,佐藤蓮,HONDA,34,,,,,,,,,,,,,,,,,,,,,,,,,,,,,,,
875,64_35,SF RePlay,SF RePlay,64,# 64 REN,佐藤蓮,HONDA,35,,,,,,,,,,,,,,,,,,,,,,,,,,,,,,,
876,64_36,SF RePlay,SF RePlay,64,# 64 REN,佐藤蓮,HONDA,36,,,,,,,,,,,,,,,,,,,,,,,,,,,,,,,
877,64_37,SF RePlay,SF RePlay,64,# 64 REN,佐藤蓮,HONDA,37,,,,,,,,,,,,,,,,,,,,,,,,,,,,,,,
878,64_38,SF RePlay,SF RePlay,64,# 64 REN,佐藤蓮,HONDA,38,,,,,,,,,,,,,,,,,,,,,,,,,,,,,,,
879,64_39,SF RePlay,SF RePlay,64,# 64 REN,佐藤蓮,HONDA,39,,,,,,,,,,,,,,,,,,,,,,,,,,,,,,,
880,64_40,SF RePlay,SF RePlay,64,# 64 REN,佐藤蓮,HONDA,40,,,,,,,,,,,,,,,,,,,,,,,,,,,,,,,
881,64_41,SF RePlay,SF RePlay,64,# 64 REN,佐藤蓮,HONDA,41,,,,,,,,,,,,,,,,,,,,,,,,,,,,,,,
882,65_0,SF RePlay,SF RePlay,65,# 65 FRA,イゴール・オオムラ・フラガ,HONDA,0,6.0,24.105,27.085,,,228.32,,,,,,,,,Dry     ,Fine,green_on,40 LAPS TO GO,,,,,,,,,,,,,
883,65_1,SF RePlay,SF RePlay,65,# 65 FRA,イゴール・オオムラ・フラガ,HONDA,1,6.0,24.105,27.085,39.377,,298.34,01:30.6,90.567,,,,,,,Dry     ,Fine,green_on,40 LAPS TO GO,,,,,,,,,,,,,
884,65_2,SF RePlay,SF RePlay,65,# 65 FRA,イゴール・オオムラ・フラガ,HONDA,2,7.0,21.764,,,,298.34,01:30.6,90.567,,,,,,,Dry     ,Fine,green_on,40 LAPS TO GO,,,,,,,,,,,,,
885,65_3,SF RePlay,SF RePlay,65,# 65 FRA,イゴール・オオムラ・フラガ,HONDA,3,,,,,,,,,,,,,,,,,,,,,,,,,,,,,,,
886,65_4,SF RePlay,SF RePlay,65,# 65 FRA,イゴール・オオムラ・フラガ,HONDA,4,,,,,,,,,,,,,,,,,,,,,,,,,,,,,,,
887,65_5,SF RePlay,SF RePlay,65,# 65 FRA,イゴール・オオムラ・フラガ,HONDA,5,,,,,,,,,,,,,,,,,,,,,,,,,,,,,,,
888,65_6,SF RePlay,SF RePlay,65,# 65 FRA,イゴール・オオムラ・フラガ,HONDA,6,,,,,,,,,,,,,,,,,,,,,,,,,,,,,,,
889,65_7,SF RePlay,SF RePlay,65,# 65 FRA,イゴール・オオムラ・フラガ,HONDA,7,,,,,,,,,,,,,,,,,,,,,,,,,,,,,,,
890,65_8,SF RePlay,SF RePlay,65,# 65 FRA,イゴール・オオムラ・フラガ,HONDA,8,,,,,,,,,,,,,,,,,,,,,,,,,,,,,,,
891,65_9,SF RePlay,SF RePlay,65,# 65 FRA,イゴール・オオムラ・フラガ,HONDA,9,,,,,,,,,,,,,,,,,,,,,,,,,,,,,,,
892,65_10,SF RePlay,SF RePlay,65,# 65 FRA,イゴール・オオムラ・フラガ,HONDA,10,,,,,,,,,,,,,,,,,,,,,,,,,,,,,,,
893,65_11,SF RePlay,SF RePlay,65,# 65 FRA,イゴール・オオムラ・フラガ,HONDA,11,,,,,,,,,,,,,,,,,,,,,,,,,,,,,,,
894,65_12,SF RePlay,SF RePlay,65,# 65 FRA,イゴール・オオムラ・フラガ,HONDA,12,,,,,,,,,,,,,,,,,,,,,,,,,,,,,,,
895,65_13,SF RePlay,SF RePlay,65,# 65 FRA,イゴール・オオムラ・フラガ,HONDA,13,,,,,,,,,,,,,,,,,,,,,,,,,,,,,,,
896,65_14,SF RePlay,SF RePlay,65,# 65 FRA,イゴール・オオムラ・フラガ,HONDA,14,,,,,,,,,,,,,,,,,,,,,,,,,,,,,,,
897,65_15,SF RePlay,SF RePlay,65,# 65 FRA,イゴール・オオムラ・フラガ,HONDA,15,,,,,,,,,,,,,,,,,,,,,,,,,,,,,,,
898,65_16,SF RePlay,SF RePlay,65,# 65 FRA,イゴール・オオムラ・フラガ,HONDA,16,,,,,,,,,,,,,,,,,,,,,,,,,,,,,,,
899,65_17,SF RePlay,SF RePlay,65,# 65 FRA,イゴール・オオムラ・フラガ,HONDA,17,,,,,,,,,,,,,,,,,,,,,,,,,,,,,,,
900,65_18,SF RePlay,SF RePlay,65,# 65 FRA,イゴール・オオムラ・フラガ,HONDA,18,,,,,,,,,,,,,,,,,,,,,,,,,,,,,,,
901,65_19,SF RePlay,SF RePlay,65,# 65 FRA,イゴール・オオムラ・フラガ,HONDA,19,,,,,,,,,,,,,,,,,,,,,,,,,,,,,,,
902,65_20,SF RePlay,SF RePlay,65,# 65 FRA,イゴール・オオムラ・フラガ,HONDA,20,,,,,,,,,,,,,,,,,,,,,,,,,,,,,,,
903,65_21,SF RePlay,SF RePlay,65,# 65 FRA,イゴール・オオムラ・フラガ,HONDA,21,,,,,,,,,,,,,,,,,,,,,,,,,,,,,,,
904,65_22,SF RePlay,SF RePlay,65,# 65 FRA,イゴール・オオムラ・フラガ,HONDA,22,,,,,,,,,,,,,,,,,,,,,,,,,,,,,,,
905,65_23,SF RePlay,SF RePlay,65,# 65 FRA,イゴール・オオムラ・フラガ,HONDA,23,,,,,,,,,,,,,,,,,,,,,,,,,,,,,,,
906,65_24,SF RePlay,SF RePlay,65,# 65 FRA,イゴール・オオムラ・フラガ,HONDA,24,,,,,,,,,,,,,,,,,,,,,,,,,,,,,,,
907,65_25,SF RePlay,SF RePlay,65,# 65 FRA,イゴール・オオムラ・フラガ,HONDA,25,,,,,,,,,,,,,,,,,,,,,,,,,,,,,,,
908,65_26,SF RePlay,SF RePlay,65,# 65 FRA,イゴール・オオムラ・フラガ,HONDA,26,,,,,,,,,,,,,,,,,,,,,,,,,,,,,,,
909,65_27,SF RePlay,SF RePlay,65,# 65 FRA,イゴール・オオムラ・フラガ,HONDA,27,,,,,,,,,,,,,,,,,,,,,,,,,,,,,,,
910,65_28,SF RePlay,SF RePlay,65,# 65 FRA,イゴール・オオムラ・フラガ,HONDA,28,,,,,,,,,,,,,,,,,,,,,,,,,,,,,,,
911,65_29,SF RePlay,SF RePlay,65,# 65 FRA,イゴール・オオムラ・フラガ,HONDA,29,,,,,,,,,,,,,,,,,,,,,,,,,,,,,,,
912,65_30,SF RePlay,SF RePlay,65,# 65 FRA,イゴール・オオムラ・フラガ,HONDA,30,,,,,,,,,,,,,,,,,,,,,,,,,,,,,,,
913,65_31,SF RePlay,SF RePlay,65,# 65 FRA,イゴール・オオムラ・フラガ,HONDA,31,,,,,,,,,,,,,,,,,,,,,,,,,,,,,,,
914,65_32,SF RePlay,SF RePlay,65,# 65 FRA,イゴール・オオムラ・フラガ,HONDA,32,,,,,,,,,,,,,,,,,,,,,,,,,,,,,,,
915,65_33,SF RePlay,SF RePlay,65,# 65 FRA,イゴール・オオムラ・フラガ,HONDA,33,,,,,,,,,,,,,,,,,,,,,,,,,,,,,,,
916,65_34,SF RePlay,SF RePlay,65,# 65 FRA,イゴール・オオムラ・フラガ,HONDA,34,,,,,,,,,,,,,,,,,,,,,,,,,,,,,,,
917,65_35,SF RePlay,SF RePlay,65,# 65 FRA,イゴール・オオムラ・フラガ,HONDA,35,,,,,,,,,,,,,,,,,,,,,,,,,,,,,,,
918,65_36,SF RePlay,SF RePlay,65,# 65 FRA,イゴール・オオムラ・フラガ,HONDA,36,,,,,,,,,,,,,,,,,,,,,,,,,,,,,,,
919,65_37,SF RePlay,SF RePlay,65,# 65 FRA,イゴール・オオムラ・フラガ,HONDA,37,,,,,,,,,,,,,,,,,,,,,,,,,,,,,,,
920,65_38,SF RePlay,SF RePlay,65,# 65 FRA,イゴール・オオムラ・フラガ,HONDA,38,,,,,,,,,,,,,,,,,,,,,,,,,,,,,,,
921,65_39,SF RePlay,SF RePlay,65,# 65 FRA,イゴール・オオムラ・フラガ,HONDA,39,,,,,,,,,,,,,,,,,,,,,,,,,,,,,,,
922,65_40,SF RePlay,SF RePlay,65,# 65 FRA,イゴール・オオムラ・フラガ,HONDA,40,,,,,,,,,,,,,,,,,,,,,,,,,,,,,,,
923,65_41,SF RePlay,SF RePlay,65,# 65 FRA,イゴール・オオムラ・フラガ,HONDA,41,,,,,,,,,,,,,,,,,,,,,,,,,,,,,,,
